price,hall_effect,hotswap,backlight,screen,knob,category_encoded,brand_encoded,layout_encoded,mount_encoded,case_material_encoded,connectivity_encoded
59.0,0,0,1,0,0,0,0,2,3,0,1
59.0,0,0,1,0,0,0,0,2,3,0,1
169.0,0,1,0,0,0,2,1,3,1,0,1
129.0,0,1,0,0,0,2,1,18,1,0,0
119.0,0,1,0,0,1,1,2,9,5,0,2
139.0,0,1,0,0,0,1,2,0,5,0,2
139.0,0,1,1,0,1,1,2,9,7,1,2
149.0,0,1,0,0,1,1,2,9,5,0,2
109.0,0,1,0,0,1,1,2,9,5,0,2
68.0,0,0,0,0,0,2,3,7,7,1,2
78.0,0,0,0,0,0,2,3,0,7,1,2
99.0,0,0,1,0,0,2,3,7,7,0,2
137.0,0,0,1,0,0,2,3,15,7,1,2
75.0,0,1,0,0,0,2,3,3,1,1,2
125.0,0,1,1,0,0,2,3,3,7,1,2
99.0,0,1,1,0,0,2,3,3,1,1,1
56.0,0,1,1,0,0,2,3,18,7,1,1
99.0,0,1,1,0,0,2,3,2,7,1,1
109.0,0,1,1,0,0,2,3,15,1,0,2
99.0,0,1,1,0,0,2,3,17,1,0,2
57.0,0,1,1,0,1,1,4,7,1,1,2
79.0,0,1,1,0,1,1,4,3,1,1,2
95.0,0,1,1,0,1,1,4,7,1,1,2
63.0,0,1,1,0,0,1,4,9,1,1,2
70.0,0,1,1,0,1,1,4,15,1,1,2
99.0,0,1,1,0,0,1,4,7,1,0,2
197.0,0,1,1,0,0,2,5,3,1,0,1
149.0,0,1,1,0,0,2,5,3,1,0,2
159.0,0,1,1,0,0,2,5,7,1,0,1
52.0,0,1,1,0,0,2,5,3,7,1,2
54.0,0,0,1,0,0,2,5,9,7,1,2
34.0,0,1,1,0,0,2,5,3,6,1,1
119.0,0,1,1,0,1,2,5,7,1,1,2
149.0,0,1,1,0,1,2,5,7,1,0,2
39.0,0,1,1,0,1,2,5,7,1,1,1
39.0,0,1,0,0,1,2,5,7,1,0,1
59.0,0,1,0,0,1,2,5,7,7,1,2
29.0,0,1,1,0,0,2,5,9,0,1,1
59.0,0,1,0,0,0,2,5,9,7,1,2
79.0,0,1,1,0,0,2,5,9,4,0,2
139.0,0,1,1,0,1,2,5,15,1,0,2
65.0,0,1,1,0,1,2,5,15,1,1,2
59.0,0,1,1,0,1,2,5,15,1,0,2
74.0,0,1,1,0,0,2,5,9,3,1,2
77.0,0,1,1,0,0,2,5,9,7,1,2
35.0,0,0,0,0,0,2,5,3,7,1,2
63.0,0,1,1,0,1,2,5,3,1,1,2
64.0,0,1,1,0,1,2,5,3,1,1,2
69.0,0,1,1,0,1,2,5,3,1,1,2
114.0,0,1,1,0,1,2,5,7,1,1,2
69.0,0,1,1,0,1,2,5,2,7,0,2
89.0,0,1,1,0,0,2,5,3,7,1,2
85.0,0,1,1,0,1,2,6,7,1,1,2
64.0,0,1,0,0,0,2,6,7,1,1,1
69.0,0,1,1,0,0,2,6,9,6,1,2
99.0,0,1,0,0,0,2,6,7,1,1,0
157.0,0,1,1,0,0,2,6,3,1,1,1
104.0,0,1,0,0,0,2,6,3,1,1,1
89.0,0,1,1,0,0,2,6,2,7,1,1
109.0,0,0,0,0,0,2,6,0,7,0,2
105.0,0,1,1,0,0,2,6,7,1,1,2
99.0,0,1,1,0,0,2,6,3,7,0,2
95.0,0,1,0,0,0,2,6,7,7,1,2
119.0,0,1,1,0,0,2,6,3,1,1,2
119.0,0,1,1,0,0,2,6,3,1,1,2
94.0,0,1,1,0,0,2,6,0,7,0,1
89.0,0,1,1,0,0,2,6,0,7,0,1
149.0,0,1,1,0,0,2,6,3,7,1,2
140.0,0,1,1,0,0,2,7,3,1,0,2
266.0,0,0,0,0,0,2,8,3,7,0,0
65.0,0,0,1,0,0,0,9,9,7,1,1
79.0,0,0,1,0,0,0,9,2,7,1,2
85.0,0,1,1,0,0,0,9,2,7,1,2
180.0,0,0,1,0,1,2,10,1,7,0,0
95.0,0,1,1,0,0,2,10,9,7,1,2
244.0,0,1,1,0,0,2,10,18,7,0,1
62.0,0,1,1,0,1,2,10,3,3,1,2
127.0,0,1,0,0,0,2,10,9,7,1,1
99.0,0,1,1,0,0,2,10,3,1,0,2
79.0,0,1,1,0,0,2,11,7,7,0,2
79.0,0,1,1,0,0,2,11,7,7,0,2
129.0,0,1,1,0,1,2,11,18,7,0,2
129.0,0,1,1,0,1,2,11,18,7,0,2
99.0,0,1,1,0,1,2,11,18,7,1,2
59.0,0,1,0,0,0,2,11,18,7,1,2
33.0,0,1,0,0,0,2,11,18,7,1,2
38.0,0,1,0,0,0,2,11,18,7,1,2
54.0,0,1,0,0,1,2,11,18,7,1,2
24.0,0,1,1,0,0,2,11,18,7,1,2
45.0,0,1,1,0,0,2,11,0,7,1,2
45.0,0,1,1,0,0,2,11,0,7,1,2
59.0,0,1,0,0,0,2,11,18,7,1,2
39.0,0,1,0,0,0,2,11,18,7,1,2
209.0,0,1,1,0,1,2,11,18,7,0,2
229.0,0,1,0,0,0,2,11,18,7,1,2
109.0,0,1,0,0,0,2,11,18,7,1,2
229.0,0,1,0,0,0,2,11,18,7,0,2
199.0,0,1,0,0,0,2,11,18,7,0,2
229.0,0,1,0,0,0,2,11,18,7,0,2
199.0,0,1,1,0,1,2,11,7,7,0,2
99.0,0,1,0,0,1,2,11,18,7,0,2
270.0,0,1,1,0,0,2,12,2,7,1,2
59.0,0,1,1,0,1,0,13,7,1,1,2
149.0,0,1,1,0,0,2,14,3,1,0,2
79.0,0,1,1,0,1,1,15,7,1,1,2
135.0,0,1,1,0,1,1,15,17,1,1,2
54.0,0,1,1,0,1,0,16,18,3,0,1
69.0,0,1,1,0,1,0,16,18,3,0,1
45.0,0,1,0,0,1,0,16,18,7,1,1
189.0,0,1,0,0,0,2,17,9,1,0,2
159.0,0,1,1,0,0,2,18,3,1,0,2
209.0,0,1,1,0,0,2,18,3,1,1,0
205.0,0,0,1,0,0,2,19,9,7,0,0
125.0,0,1,1,0,1,2,19,9,1,1,1
85.0,0,1,0,0,0,1,20,3,1,0,2
79.0,0,1,1,0,0,1,20,3,1,0,2
89.0,0,1,1,0,1,1,20,3,3,0,2
89.0,0,1,1,0,1,1,21,7,7,1,2
83.0,0,1,1,0,1,1,21,0,1,1,2
55.0,0,1,1,0,1,1,21,3,1,1,2
49.0,0,1,1,0,0,1,21,2,1,1,2
59.0,0,1,1,0,1,1,21,18,1,0,2
63.0,0,0,1,0,1,1,21,18,1,0,2
74.0,0,1,1,0,1,1,21,18,1,0,2
60.0,0,1,1,0,1,1,21,3,1,0,2
129.0,0,1,1,0,1,1,21,3,1,0,2
139.0,0,1,1,0,1,1,21,7,1,0,2
120.0,0,1,1,0,1,1,21,9,1,0,2
145.0,0,1,0,0,1,1,21,17,1,0,2
108.0,0,0,0,0,0,1,22,3,7,0,2
129.0,0,1,0,0,0,2,23,7,7,0,2
148.0,0,1,1,0,0,2,23,7,1,0,2
167.0,0,1,1,0,0,2,23,7,1,0,2
148.0,0,1,1,0,0,2,23,7,1,0,2
69.0,0,1,0,0,0,2,23,18,1,1,2
89.0,0,1,1,0,0,2,23,3,1,1,2
89.0,0,1,1,0,0,2,23,18,1,1,2
80.0,0,1,1,0,0,2,23,3,1,1,2
119.0,0,1,1,0,0,2,23,3,1,0,2
165.0,0,1,1,0,0,2,23,3,1,0,2
200.0,0,1,1,0,0,2,24,18,7,0,1
130.0,0,1,1,0,1,2,24,3,5,1,2
90.0,0,0,1,0,1,2,24,0,7,0,1
159.0,0,0,1,0,1,2,24,9,7,0,1
90.0,0,0,1,0,1,2,24,0,7,0,1
90.0,0,1,1,0,0,2,24,2,7,1,2
189.0,0,1,0,0,1,2,25,7,3,0,1
199.0,0,1,0,0,0,2,25,9,3,0,2
184.0,0,1,0,0,0,2,25,9,3,0,2
169.0,0,1,0,0,0,2,25,7,2,0,1
59.0,0,1,1,0,1,2,26,18,2,0,1
49.0,0,1,1,0,0,2,26,18,7,0,1
49.0,0,1,1,0,1,2,26,18,7,0,1
75.0,0,1,0,0,1,2,26,18,7,0,1
106.0,0,1,1,0,0,1,27,1,1,0,2
69.0,0,1,1,0,0,1,27,0,7,1,1
78.0,0,1,1,0,0,1,27,1,7,0,2
119.0,0,0,0,0,0,1,27,1,1,0,0
96.0,0,0,0,0,0,1,27,2,7,1,0
149.0,0,1,1,0,0,1,27,15,7,1,2
125.0,0,0,1,0,0,2,28,7,1,1,2
224.0,0,1,1,0,1,2,28,7,1,0,2
119.0,0,0,0,0,0,2,28,9,7,1,1
119.0,0,1,1,0,0,2,28,9,1,1,2
169.0,0,1,1,0,0,2,28,17,1,1,2
119.0,0,0,0,0,1,2,28,3,7,1,2
110.0,0,0,0,0,1,2,28,7,1,1,2
149.0,0,0,0,0,0,2,28,7,7,1,2
129.0,0,1,1,0,1,2,28,7,1,1,2
114.0,0,0,0,0,1,2,28,7,7,0,2
149.0,0,1,0,0,0,2,29,18,2,0,2
119.0,0,1,1,0,0,1,30,9,5,1,2
139.0,0,1,1,0,1,1,31,18,7,0,2
185.0,0,1,1,0,0,2,32,7,1,1,2
84.0,0,0,0,0,0,2,33,18,7,0,0
79.0,0,0,0,0,0,2,33,18,7,0,0
159.0,0,0,0,0,0,2,33,18,7,0,0
176.0,0,0,0,0,0,2,33,18,7,0,0
185.0,0,0,0,0,0,2,33,18,7,0,0
185.0,0,0,0,0,0,2,33,18,7,0,0
185.0,0,0,0,0,0,2,33,18,7,0,0
185.0,0,0,0,0,0,2,33,18,7,0,0
64.0,0,0,0,0,0,2,33,2,7,0,0
154.0,0,1,0,0,1,2,33,3,3,1,2
154.0,0,1,0,0,1,2,33,3,3,1,2
154.0,0,1,0,0,1,2,33,3,3,1,2
154.0,0,1,0,0,1,2,33,3,3,1,2
154.0,0,1,1,0,1,2,33,3,3,1,2
154.0,0,1,0,0,1,2,33,3,3,1,2
154.0,0,1,0,0,1,2,33,3,3,1,2
207.0,0,1,1,0,0,2,33,9,7,1,0
174.0,0,1,1,0,0,2,33,7,7,1,1
255.0,0,1,0,0,0,2,34,4,1,0,2
119.0,0,0,1,0,0,1,35,0,7,0,2
99.0,0,1,1,0,1,1,35,7,7,1,2
159.0,0,1,1,0,0,1,35,15,7,1,2
179.0,0,1,1,0,0,2,36,0,3,1,1
109.0,0,1,1,0,0,2,36,3,3,1,1
159.0,0,1,1,0,0,2,36,7,3,0,1
99.0,0,0,1,0,0,2,36,2,3,1,1
129.0,0,0,1,0,0,2,36,2,3,0,1
114.0,0,0,0,0,0,2,36,0,3,1,1
139.0,0,1,1,0,0,2,36,2,3,1,1
149.0,0,0,1,0,0,2,36,2,3,0,1
119.0,0,0,1,0,0,2,36,2,3,1,1
126.0,0,0,0,0,0,2,36,3,3,1,0
139.0,0,0,0,0,0,2,36,3,3,1,1
139.0,0,0,0,0,0,2,36,3,3,1,2
149.0,0,0,0,0,0,2,36,3,3,1,1
95.0,0,0,1,0,0,2,36,2,3,0,1
129.0,0,1,1,0,0,2,36,3,3,0,1
109.0,0,0,0,0,0,2,36,3,3,1,1
109.0,0,0,0,0,0,2,36,3,3,1,1
135.0,0,0,0,0,0,2,36,3,3,1,1
119.0,0,0,0,0,0,2,36,3,3,1,0
109.0,0,0,0,0,0,2,36,3,3,1,1
119.0,0,0,0,0,0,2,36,3,3,1,0
116.0,0,0,0,0,0,2,36,3,3,1,0
109.0,0,0,0,0,0,2,36,3,3,1,1
119.0,0,0,0,0,0,2,36,3,3,1,1
102.0,0,0,0,0,0,2,36,3,3,1,1
109.0,0,0,0,0,0,2,36,3,3,1,2
144.0,0,0,0,0,0,2,36,3,3,1,2
89.0,0,0,0,0,0,2,36,9,3,1,1
94.0,0,0,1,0,0,2,36,0,3,1,1
99.0,0,0,0,0,0,2,36,0,3,1,0
94.0,0,0,1,0,0,2,36,0,3,1,1
99.0,0,0,0,0,0,2,36,0,3,1,1
99.0,0,0,0,0,0,2,36,0,3,1,1
79.0,0,0,1,0,0,2,36,2,3,1,1
79.0,0,0,1,0,0,2,36,2,3,1,1
99.0,0,0,1,0,0,2,36,2,3,1,1
79.0,0,0,1,0,0,2,36,2,3,1,1
90.0,0,0,0,0,0,2,36,0,3,1,1
99.0,0,0,1,0,0,2,36,0,3,1,1
99.0,0,0,1,0,0,2,36,0,3,1,1
104.0,0,0,1,0,0,2,36,0,3,1,1
89.0,0,0,1,0,0,2,36,3,3,1,1
87.0,0,0,1,0,0,2,36,3,3,1,1
99.0,0,0,0,0,0,2,36,0,3,1,1
95.0,0,0,0,0,0,2,36,0,3,1,1
129.0,0,1,1,0,0,2,36,9,3,1,1
104.0,0,1,1,0,0,2,36,9,3,1,1
84.0,0,1,0,0,0,2,36,0,3,1,1
119.0,0,1,1,0,0,2,36,9,3,1,1
119.0,0,1,1,0,0,2,36,9,3,1,1
109.0,0,1,1,0,0,2,36,0,3,1,1
103.0,0,1,1,0,0,2,36,3,3,1,1
109.0,0,1,0,0,0,2,36,9,3,1,1
109.0,0,1,0,0,0,2,36,9,3,1,1
79.0,0,1,1,0,0,2,36,2,3,1,1
94.0,0,1,1,0,0,2,36,2,3,1,1
94.0,0,1,1,0,0,2,36,2,3,1,1
99.0,0,1,1,0,0,2,36,2,3,1,1
94.0,0,1,1,0,0,2,36,2,3,1,1
99.0,0,1,1,0,0,2,36,2,3,1,1
109.0,0,1,1,0,0,2,36,2,2,1,1
99.0,0,1,1,0,0,2,36,2,3,1,1
119.0,0,1,1,0,0,2,36,9,3,1,1
149.0,0,1,1,0,0,2,36,0,2,1,1
119.0,0,1,1,0,0,2,36,9,3,1,1
89.0,0,1,1,0,0,2,36,3,3,1,1
103.0,0,1,1,0,0,2,36,3,3,1,1
109.0,0,1,1,0,0,2,36,3,3,1,1
109.0,0,1,1,0,0,2,36,3,3,1,1
134.0,0,1,1,0,0,2,36,3,3,1,1
109.0,0,1,1,0,0,2,36,3,3,1,1
109.0,0,1,1,0,0,2,36,3,3,1,1
109.0,0,0,0,0,0,2,36,0,3,1,1
74.0,0,0,0,0,0,2,36,0,3,1,1
74.0,0,0,0,0,0,2,36,0,3,1,1
254.0,0,1,1,0,0,2,36,3,3,0,1
109.0,0,0,0,0,0,2,36,0,3,1,1
109.0,0,0,1,0,0,2,36,2,3,1,1
144.0,0,0,1,0,0,2,36,0,3,1,1
159.0,0,0,1,0,0,2,36,0,3,1,1
189.0,0,0,1,0,0,2,36,0,3,1,1
139.0,0,0,1,0,0,2,36,0,3,1,1
179.0,0,0,1,0,0,2,36,0,3,0,1
169.0,0,0,1,0,0,2,36,0,3,1,1
154.0,0,1,1,0,0,2,36,9,3,1,0
111.0,0,1,1,0,0,2,36,2,3,1,1
124.0,0,1,1,0,0,2,36,3,3,1,1
64.0,0,1,1,0,0,2,36,3,3,1,1
74.0,0,1,1,0,0,2,36,7,3,1,1
229.0,0,0,1,0,0,2,36,0,3,1,0
219.0,0,0,1,0,0,2,36,3,3,0,0
199.0,0,0,1,0,0,2,36,2,3,1,1
199.0,0,0,1,0,0,2,36,0,3,1,0
99.0,0,1,1,0,0,2,36,0,3,1,2
99.0,0,1,1,0,0,2,36,0,3,1,2
45.0,0,1,1,0,1,1,37,3,1,0,2
85.0,0,1,1,0,1,1,37,3,1,1,2
115.0,0,1,1,0,1,1,37,15,1,0,2
119.0,0,0,0,0,1,1,38,7,7,1,2
112.0,0,0,0,0,0,1,38,0,7,1,1
100.0,0,0,0,0,0,1,38,0,7,1,1
132.0,0,0,0,0,0,1,38,2,7,1,2
109.0,0,1,0,0,0,1,38,2,7,0,2
120.0,0,1,0,0,0,1,38,0,7,1,2
139.0,0,1,0,0,0,1,38,0,7,1,2
149.0,0,1,0,0,0,1,38,0,4,1,2
109.0,0,0,0,0,0,1,38,3,7,0,2
125.0,0,0,1,0,0,1,38,0,7,1,1
109.0,0,0,0,0,0,1,38,0,7,1,1
193.0,0,1,0,0,0,2,39,1,1,0,2
76.0,0,1,1,0,0,2,40,3,1,1,2
53.0,0,1,1,0,1,2,40,7,3,1,2
49.0,0,1,1,0,1,2,40,9,7,1,2
129.0,0,1,1,0,0,2,40,2,7,1,2
39.0,0,1,0,0,1,2,40,18,7,1,2
76.0,0,1,1,0,0,2,40,15,1,1,2
89.0,0,1,1,0,0,2,40,7,1,1,2
79.0,0,1,1,0,1,2,40,7,1,1,2
39.0,0,1,1,0,1,2,40,18,1,1,2
69.0,0,1,0,0,1,2,40,18,1,0,2
45.0,0,1,1,0,1,2,40,3,1,1,2
75.0,0,1,0,0,0,2,40,7,1,0,2
82.0,0,1,1,0,0,2,40,17,1,1,2
45.0,0,1,1,0,0,2,40,2,7,1,2
39.0,0,1,1,0,0,2,40,7,7,1,1
59.0,0,1,1,0,0,2,40,7,7,1,2
59.0,0,1,1,0,0,2,40,3,1,1,2
65.0,0,1,1,0,1,2,40,3,1,1,2
85.0,0,1,1,0,1,2,40,15,1,1,2
79.0,0,1,1,0,0,2,40,9,1,1,2
90.0,0,1,1,0,1,2,40,0,1,0,2
85.0,0,1,1,0,1,2,40,7,1,0,2
79.0,0,1,1,0,1,2,40,7,1,1,2
69.0,0,1,1,0,0,2,40,2,1,1,2
111.0,0,1,0,0,0,2,40,3,1,0,1
104.0,0,1,1,0,0,2,40,7,1,0,2
199.0,0,1,1,0,0,2,40,11,1,0,1
52.0,0,1,1,0,0,2,40,2,3,1,1
107.0,0,1,1,0,1,2,40,3,1,0,2
80.0,0,1,1,0,1,2,40,7,1,0,2
126.0,0,1,1,0,1,2,40,9,1,0,2
40.0,0,0,1,0,0,2,40,2,7,1,1
119.0,0,1,1,0,0,2,40,3,5,1,2
79.0,0,1,1,0,0,2,40,1,1,1,2
28.0,0,1,1,0,1,2,40,3,1,1,2
28.0,0,1,1,0,1,2,40,3,1,1,2
50.0,0,1,1,0,1,2,40,9,3,1,2
79.0,0,1,1,0,0,2,40,11,1,1,2
66.0,0,1,1,0,0,2,40,15,1,1,2
129.0,0,1,1,0,1,2,40,3,1,0,2
119.0,0,1,1,0,0,2,40,1,1,0,2
60.0,0,1,1,0,1,2,40,3,1,0,2
119.0,0,1,1,0,1,2,40,7,1,0,2
199.0,0,1,1,0,0,2,41,3,1,0,2
279.0,0,1,1,0,0,2,41,9,1,1,2
169.0,0,1,1,0,0,2,42,9,3,0,2
99.0,0,1,1,0,0,2,43,3,1,1,0
45.0,0,1,1,0,0,2,43,18,1,0,2
59.0,0,1,0,0,1,1,44,3,5,0,2
109.0,0,1,1,0,1,2,45,7,1,0,2
139.0,0,1,1,0,1,2,45,7,1,0,2
83.0,0,0,1,0,0,2,45,9,1,1,1
79.0,0,1,1,0,1,2,45,9,1,1,2
169.0,0,1,1,0,1,2,45,9,1,1,2
119.0,0,1,1,0,1,2,45,9,1,1,2
119.0,0,1,1,0,0,2,45,17,1,0,2
59.0,0,1,1,0,0,2,45,9,1,0,2
58.0,0,1,1,0,0,2,45,7,1,1,2
59.0,0,1,1,0,0,2,45,7,1,0,2
39.0,0,1,1,0,1,2,45,18,1,1,2
99.0,0,1,1,0,0,1,46,7,1,1,2
189.0,0,0,0,0,0,2,47,9,3,1,1
139.0,0,0,0,0,0,2,47,9,3,1,1
139.0,0,0,0,0,0,2,47,9,3,1,0
149.0,0,0,0,0,0,2,47,0,3,1,0
125.0,0,0,0,0,0,2,47,9,3,1,1
129.0,0,0,0,0,0,2,47,9,3,1,0
259.0,0,0,0,0,0,2,47,9,3,1,2
129.0,0,0,0,0,0,2,47,0,3,1,2
160.0,0,0,0,0,0,2,47,0,3,1,2
149.0,0,0,0,0,0,2,47,0,3,1,2
99.0,0,0,0,0,0,2,47,2,3,1,2
99.0,0,0,0,0,0,2,47,2,3,1,2
99.0,0,0,0,0,0,2,47,2,3,1,2
169.0,0,0,0,0,0,2,47,0,3,1,1
69.0,0,0,0,0,0,2,47,18,3,1,1
144.0,0,0,0,0,0,2,47,0,3,1,1
132.0,0,0,0,0,0,2,47,9,3,1,0
104.0,0,0,0,0,0,2,47,18,3,1,1
104.0,0,0,0,0,0,2,47,3,3,1,0
144.0,0,0,0,0,0,2,47,9,3,1,0
269.0,0,0,0,0,1,2,47,3,7,1,0
75.0,0,0,0,0,0,2,48,3,7,0,2
38.0,0,0,0,0,0,2,48,18,7,1,2
169.0,0,1,1,0,0,2,48,3,1,1,2
199.0,0,1,1,0,0,2,48,3,1,1,2
189.0,0,1,1,0,0,2,48,3,1,1,2
189.0,0,1,1,0,1,2,48,7,1,1,2
149.0,0,1,0,0,1,2,48,7,1,1,2
179.0,0,1,0,0,0,2,49,3,1,0,2
129.0,0,1,1,0,0,2,50,3,7,1,2
129.0,0,1,1,0,0,2,50,9,7,0,2
115.0,0,0,1,0,0,2,50,9,7,1,1
99.0,0,1,1,0,0,2,50,15,7,0,2
189.0,0,1,1,0,0,2,50,17,7,1,0
185.0,0,1,1,0,0,2,50,17,7,1,2
199.0,0,1,1,0,0,2,50,15,7,1,2
79.0,0,0,1,0,0,2,50,9,7,1,2
79.0,0,1,1,0,0,2,50,3,7,1,2
119.0,0,1,1,0,0,2,50,15,7,1,2
99.0,0,1,1,0,0,2,50,7,1,0,2
139.0,0,1,1,0,0,2,50,0,1,1,2
129.0,0,1,1,0,1,2,50,7,1,1,2
89.0,0,1,1,0,0,2,50,9,1,1,2
119.0,0,0,1,0,0,2,50,9,7,1,0
143.0,0,1,1,0,0,2,50,0,7,0,2
129.0,0,1,1,0,0,2,50,9,7,0,2
109.0,0,1,1,0,0,2,50,0,7,1,2
119.0,0,0,1,0,0,2,50,17,1,0,2
89.0,0,1,1,0,0,2,50,7,1,1,2
79.0,0,1,1,0,0,2,50,9,1,1,2
115.0,0,1,1,0,1,1,51,17,7,1,2
139.0,0,1,1,0,1,1,52,7,7,0,2
169.0,0,1,0,0,0,2,53,3,1,0,2
129.0,0,1,1,0,1,1,54,18,3,0,2
36.0,0,0,1,0,0,1,55,7,7,1,2
60.0,0,1,1,0,0,1,55,7,1,1,2
59.0,0,1,1,0,0,1,55,2,7,1,1
79.0,0,1,1,0,0,1,55,2,1,1,2
79.0,0,1,1,0,0,1,55,9,7,1,1
89.0,0,1,1,0,0,1,55,3,7,1,2
63.0,0,1,1,0,1,1,55,7,1,1,2
69.0,0,1,1,0,0,1,55,3,7,1,2
84.0,0,1,0,0,1,1,55,7,1,0,2
59.0,0,0,1,0,0,1,55,7,1,1,2
75.0,0,1,1,0,1,0,56,7,7,1,2
89.0,0,1,1,0,1,0,56,17,4,1,2
89.0,0,1,1,0,1,2,57,17,3,1,2
109.0,0,1,1,0,1,2,57,17,3,1,2
104.0,0,1,1,0,1,2,57,17,3,1,2
99.0,0,1,1,0,1,2,57,17,3,1,2
99.0,0,0,1,0,1,1,58,9,1,1,2
200.0,0,1,0,0,0,2,59,3,1,0,0
89.0,0,1,1,0,0,2,60,18,1,1,2
55.0,0,1,1,0,0,2,61,9,7,0,1
89.0,0,1,1,0,0,2,61,2,7,1,0
87.0,0,1,1,0,0,2,61,2,3,1,1
169.0,0,1,1,0,1,2,61,7,1,0,0
89.0,0,1,1,0,0,2,61,15,3,0,1
139.0,0,1,1,0,0,1,62,7,1,0,2
99.0,0,1,1,0,0,1,63,7,7,1,2
204.0,0,0,0,0,0,2,64,2,3,1,1
229.0,0,0,0,0,0,2,64,2,3,1,2
259.0,0,0,0,0,0,2,64,2,3,1,2
125.0,0,1,0,0,0,1,65,1,6,1,0
140.0,0,1,0,0,0,1,65,2,6,1,0
140.0,0,1,0,0,0,1,65,2,6,1,0
93.0,0,1,0,0,0,1,65,18,6,1,0
285.0,0,1,1,0,0,2,66,9,1,0,1
155.0,0,1,1,0,0,2,66,15,7,0,2
109.0,0,1,1,0,0,1,67,9,3,1,1
139.0,0,1,1,0,0,1,67,9,3,0,1
149.0,0,1,1,0,0,1,67,9,3,0,1
84.0,0,1,1,0,0,1,67,18,3,1,0
69.0,0,0,1,0,0,1,67,9,3,0,1
109.0,0,0,1,0,0,1,67,0,7,0,2
109.0,0,0,1,0,0,1,67,9,3,0,2
139.0,0,1,0,0,0,1,68,3,7,0,2
149.0,0,1,0,0,0,1,68,7,7,0,2
159.0,0,1,0,0,0,1,68,9,7,0,2
85.0,0,1,0,0,1,1,68,18,2,0,2
53.0,0,1,1,0,1,0,69,3,1,1,2
84.0,0,1,1,0,0,2,70,9,7,1,2
150.0,0,1,1,0,0,2,70,3,7,0,2
155.0,0,1,1,0,0,2,70,3,7,0,2
155.0,0,1,1,0,0,2,70,3,7,0,2
209.0,0,1,1,0,0,2,70,16,7,0,2
219.0,0,1,1,0,0,2,70,16,7,0,2
219.0,0,1,1,0,0,2,70,16,7,0,2
229.0,0,1,1,0,0,2,70,16,7,0,2
209.0,0,1,1,0,0,2,70,16,7,0,2
219.0,0,1,1,0,0,2,70,16,7,0,2
209.0,0,1,1,0,0,2,70,16,7,0,2
209.0,0,0,1,0,0,2,70,16,7,1,0
169.0,0,0,1,0,0,2,70,9,7,1,0
84.0,0,1,1,0,0,2,70,9,7,1,2
109.0,0,0,0,0,0,2,70,9,7,1,2
179.0,0,1,1,0,0,2,70,9,7,1,2
189.0,0,1,1,0,0,2,70,9,7,1,2
179.0,0,1,1,0,0,2,70,9,7,1,2
179.0,0,1,1,0,0,2,70,9,7,1,2
179.0,0,1,1,0,0,2,70,9,7,1,2
189.0,0,1,1,0,0,2,70,9,7,1,2
199.0,0,1,0,0,0,2,70,9,7,1,2
189.0,0,1,1,0,0,2,70,9,7,1,2
169.0,0,1,1,0,0,2,70,9,7,1,2
145.0,0,1,1,0,0,2,70,4,1,1,2
145.0,0,1,1,0,0,2,70,4,1,1,2
140.0,0,1,1,0,0,2,70,4,1,1,2
169.0,0,1,1,0,1,2,70,7,7,1,2
179.0,0,1,1,0,1,2,70,7,7,1,2
179.0,0,1,1,0,1,2,70,7,7,1,2
179.0,0,1,1,0,1,2,70,7,7,1,2
189.0,0,1,1,0,0,2,70,7,7,1,2
189.0,0,1,0,0,0,2,71,3,1,1,2
279.0,0,1,1,0,0,2,71,3,1,0,0
149.0,0,1,1,0,0,2,71,3,7,0,1
258.0,0,1,1,0,0,2,71,3,1,0,2
319.0,0,1,1,0,0,2,71,9,1,1,0
215.0,0,1,0,0,0,2,71,9,7,0,1
299.0,0,1,1,0,0,2,71,18,1,0,1
229.0,0,1,0,0,0,2,71,9,7,0,1
140.0,0,0,0,0,0,2,71,15,5,0,0
139.0,0,1,1,0,0,2,71,3,2,0,1
79.0,0,0,0,0,0,0,72,0,7,0,1
89.0,0,0,0,0,0,0,72,9,7,1,0
84.0,0,0,0,0,1,0,72,9,3,1,1
89.0,0,0,0,0,0,0,72,9,7,1,2
89.0,0,1,0,0,0,0,72,0,7,1,2
47.0,0,1,0,0,1,2,73,7,1,1,2
89.0,0,1,1,0,1,2,73,7,1,0,2
71.0,0,1,1,0,1,2,73,7,1,1,2
47.0,0,1,1,0,1,2,73,7,1,1,2
149.0,0,1,1,0,1,2,73,15,1,0,2
179.0,0,1,1,0,0,2,73,15,1,0,2
179.0,0,1,1,0,1,2,73,0,1,0,2
166.0,0,1,1,0,1,2,73,7,1,0,2
89.0,0,1,0,0,1,2,73,0,1,1,2
80.0,0,1,1,0,1,2,73,15,1,1,2
99.0,0,1,1,0,1,2,73,15,1,0,2
199.0,0,1,1,0,1,2,73,15,1,0,2
219.0,0,1,1,0,1,2,73,15,1,0,2
142.0,0,1,1,0,1,2,73,15,1,1,2
69.0,0,1,0,0,1,2,73,15,1,1,2
72.0,0,1,1,0,1,2,73,15,1,1,2
48.0,0,0,0,0,0,2,73,7,7,0,2
95.0,0,0,0,0,0,2,73,15,7,0,2
311.0,0,1,0,0,0,2,74,3,1,0,1
144.0,0,1,0,0,0,2,74,3,1,1,0
109.0,0,1,0,0,0,2,74,3,1,1,0
114.0,0,1,1,0,0,2,74,2,3,1,1
103.0,0,1,1,0,0,2,74,2,7,1,1
219.0,0,1,1,0,0,2,74,7,5,0,0
197.0,0,1,1,0,0,2,74,7,5,0,0
219.0,0,1,1,0,0,2,74,7,5,0,1
87.0,0,0,0,0,0,2,74,18,5,0,0
87.0,0,0,0,0,0,2,74,18,5,0,0
249.0,0,1,1,0,0,2,74,3,1,0,1
255.0,0,1,0,0,0,2,74,3,5,0,1
225.0,0,1,0,0,0,2,74,2,5,1,1
160.0,0,1,0,0,0,2,74,2,1,1,1
111.0,0,1,1,0,0,2,74,2,3,0,1
51.0,0,0,1,0,0,1,75,3,3,0,1
49.0,0,0,0,0,0,1,75,18,3,1,1
79.0,0,0,0,0,0,1,75,2,3,1,1
79.0,0,1,1,0,0,1,75,2,3,1,0
79.0,0,1,1,0,0,1,75,2,3,1,0
69.0,0,1,0,0,0,1,75,2,3,1,0
69.0,0,1,1,0,0,1,75,2,3,1,0
74.0,0,0,0,0,0,1,75,2,3,1,1
109.0,0,0,1,0,0,1,75,2,3,1,1
84.0,0,0,1,0,0,1,75,2,3,1,1
79.0,0,0,1,0,0,1,75,2,3,1,1
89.0,0,1,1,0,0,1,75,3,3,1,0
101.0,0,0,1,0,0,1,75,9,3,1,1
99.0,0,0,0,0,0,1,75,9,3,1,1
94.0,0,0,0,0,0,1,75,9,3,1,1
94.0,0,0,0,0,0,1,75,9,3,1,1
99.0,0,0,0,0,0,1,75,9,3,1,1
96.0,0,1,0,0,0,1,75,9,3,1,0
102.0,0,1,0,0,0,1,75,9,3,1,0
59.0,0,1,1,0,0,0,76,9,7,1,1
150.0,0,0,0,0,1,2,77,18,7,1,1
40.0,0,1,0,0,0,2,77,18,7,1,0
40.0,0,0,0,0,0,2,77,1,7,1,0
25.0,0,0,0,0,0,2,77,1,7,1,0
200.0,0,1,0,0,0,2,77,18,7,1,2
200.0,0,1,0,0,0,2,77,18,7,1,0
200.0,0,1,0,0,0,2,77,18,7,1,0
55.0,0,0,0,0,0,2,77,18,7,1,0
90.0,0,0,1,0,0,2,77,18,7,1,0
85.0,0,0,1,0,0,2,77,18,7,1,0
35.0,0,1,1,0,0,2,77,18,7,1,0
75.0,0,1,0,0,0,2,77,18,7,1,0
200.0,0,1,0,0,0,2,77,18,7,1,2
200.0,0,1,0,0,0,2,77,18,7,1,2
200.0,0,1,0,0,0,2,77,18,7,1,1
90.0,0,1,0,0,0,2,77,2,6,1,1
10.0,0,0,0,0,0,2,77,18,7,1,0
30.0,0,0,0,0,0,2,77,18,7,1,0
50.0,0,0,0,0,0,2,77,18,7,1,1
100.0,0,0,0,0,0,2,77,3,7,1,0
20.0,0,0,0,0,1,2,77,18,7,1,0
10.0,0,0,0,0,0,2,77,18,7,1,0
90.0,0,1,1,0,0,2,77,1,7,1,0
95.0,0,1,1,0,0,2,77,1,7,1,0
20.0,0,0,1,0,1,2,77,18,7,1,0
90.0,0,1,0,0,0,2,77,18,7,1,0
299.0,0,1,1,0,1,2,78,9,3,0,1
34.0,0,0,0,0,0,0,79,3,7,1,2
60.0,0,1,1,0,0,0,80,2,1,1,0
65.0,0,1,1,0,0,0,80,2,1,1,0
220.0,0,1,1,0,0,2,81,3,5,0,1
110.0,0,1,1,0,0,2,81,18,3,0,1
75.0,0,1,1,0,0,0,82,17,7,1,2
169.0,0,1,1,0,1,2,83,7,1,0,2
229.0,0,1,1,0,1,2,83,18,2,0,2
39.0,0,0,0,0,0,2,83,7,7,1,2
39.0,0,0,0,0,0,2,83,7,7,1,2
40.0,0,0,0,0,0,2,83,0,3,1,2
44.0,0,0,0,0,0,2,83,0,7,1,2
39.0,0,1,1,0,0,2,83,9,6,1,1
39.0,0,1,1,0,0,2,83,9,6,1,1
71.0,0,1,1,0,0,2,83,9,6,1,1
65.0,0,1,1,0,0,2,83,9,7,1,1
40.0,0,1,1,0,0,2,83,0,6,1,1
44.0,0,1,1,0,0,2,83,0,6,1,1
75.0,0,1,1,0,0,2,83,0,6,1,1
70.0,0,1,1,0,0,2,83,0,7,1,1
51.0,0,0,0,0,0,2,83,9,1,1,1
89.0,0,1,1,0,0,2,83,9,2,0,2
110.0,0,1,1,0,0,2,83,9,7,0,2
83.0,0,1,1,0,0,2,83,9,6,0,2
110.0,0,1,1,0,0,2,83,9,7,0,2
59.0,0,1,1,0,0,2,83,9,6,0,2
79.0,0,1,1,0,0,2,83,9,7,0,2
59.0,0,1,1,0,0,2,83,9,6,0,2
56.0,0,1,1,0,0,2,83,9,6,0,2
105.0,0,1,1,0,0,2,83,9,7,0,2
91.0,0,1,1,0,0,2,83,9,7,0,2
59.0,0,1,1,0,0,2,83,0,6,0,2
100.0,0,1,1,0,0,2,83,0,7,0,2
87.0,0,1,1,0,0,2,83,0,7,0,2
125.0,0,1,1,0,0,2,83,0,7,0,2
95.0,0,1,1,0,0,2,83,0,2,1,2
87.0,0,1,1,0,0,2,83,0,6,1,2
102.0,0,1,1,0,0,2,83,0,7,1,2
95.0,0,1,1,0,0,2,83,0,2,1,2
125.0,0,1,1,0,0,2,83,0,7,0,2
95.0,0,1,1,0,0,2,83,0,7,0,2
94.0,0,1,1,0,0,2,83,0,6,0,2
100.0,0,1,1,0,0,2,83,0,7,0,2
89.0,0,1,1,0,1,2,83,3,2,0,2
75.0,0,1,1,0,1,2,83,3,6,0,2
110.0,0,1,1,0,1,2,83,3,7,0,2
39.0,0,1,1,0,0,2,83,2,6,0,2
89.0,0,1,1,0,0,2,83,2,3,0,2
67.0,0,1,1,0,0,2,83,2,6,0,2
71.0,0,1,1,0,0,2,83,2,7,0,2
89.0,0,1,1,0,0,2,83,9,2,0,2
114.0,0,1,1,0,0,2,83,9,7,0,2
67.0,0,1,1,0,0,2,83,9,6,0,2
95.0,0,1,1,0,0,2,83,9,7,0,2
52.0,0,1,1,0,0,2,83,6,6,0,2
67.0,0,1,1,0,0,2,83,6,6,0,2
91.0,0,1,1,0,0,2,83,6,7,0,2
99.0,0,1,1,0,0,2,83,7,2,0,2
75.0,0,1,1,0,1,2,83,7,6,0,2
110.0,0,1,1,0,1,2,83,7,7,0,2
94.0,0,1,1,0,1,2,83,15,2,0,2
71.0,0,1,1,0,1,2,83,15,6,0,2
114.0,0,1,1,0,0,2,83,15,7,0,2
79.0,0,0,1,0,0,2,83,7,7,0,2
49.0,0,1,1,0,0,2,83,7,6,0,2
52.0,0,1,0,0,0,2,83,7,6,0,2
85.0,0,1,0,0,0,2,83,7,7,0,2
49.0,0,1,1,0,0,2,83,7,6,0,2
67.0,0,1,1,0,0,2,83,7,6,0,2
83.0,0,1,1,0,0,2,83,7,2,0,2
103.0,0,1,1,0,0,2,83,7,7,0,2
49.0,0,1,1,0,0,2,83,7,6,0,2
44.0,0,1,1,0,0,2,83,7,6,0,2
87.0,0,1,1,0,0,2,83,7,7,0,2
89.0,0,1,1,0,0,2,83,7,2,0,2
63.0,0,1,1,0,0,2,83,7,3,0,2
89.0,0,1,1,0,0,2,83,7,3,0,2
110.0,0,1,1,0,0,2,83,7,7,0,2
56.0,0,1,0,0,0,2,83,7,6,0,2
90.0,0,1,0,0,0,2,83,7,7,0,2
83.0,0,1,1,0,0,2,83,7,6,0,2
100.0,0,1,1,0,0,2,83,7,7,0,2
110.0,0,1,1,0,0,2,83,7,7,0,2
95.0,0,1,1,0,0,2,83,7,7,0,2
83.0,0,1,1,0,0,2,83,7,7,0,2
87.0,0,1,1,0,0,2,83,7,6,0,2
59.0,0,1,1,0,0,2,83,7,6,0,2
74.0,0,1,1,0,0,2,83,7,6,0,2
83.0,0,1,1,0,0,2,83,7,7,0,2
64.0,0,1,1,0,0,2,83,7,6,0,2
64.0,0,1,1,0,0,2,83,7,6,0,2
83.0,0,1,1,0,0,2,83,7,7,0,2
44.0,0,1,1,0,0,2,83,7,6,0,2
100.0,0,1,1,0,0,2,83,7,7,0,2
59.0,0,1,1,0,0,2,83,15,6,0,2
99.0,0,1,1,0,0,2,83,15,2,1,2
67.0,0,1,1,0,0,2,83,15,6,0,2
87.0,0,1,1,0,0,2,83,15,6,1,2
105.0,0,1,1,0,0,2,83,15,7,1,2
125.0,0,1,1,0,0,2,83,15,7,0,2
59.0,0,1,1,0,0,2,83,15,6,0,2
75.0,0,1,1,0,0,2,83,15,7,0,2
92.0,0,1,1,0,0,2,83,15,3,0,2
59.0,0,1,1,0,0,2,83,15,6,0,2
94.0,0,1,1,0,0,2,83,15,6,1,2
100.0,0,1,1,0,0,2,83,15,7,0,0
74.0,0,1,1,0,0,2,83,0,6,0,2
94.0,0,1,1,0,0,2,83,0,2,0,2
114.0,0,1,1,0,0,2,83,0,7,0,2
87.0,0,1,1,0,0,2,83,0,6,0,2
109.0,0,1,1,0,0,2,83,0,7,0,2
114.0,0,1,1,0,0,2,83,0,7,0,2
63.0,0,1,1,0,0,2,83,0,6,0,2
59.0,0,1,1,0,0,2,83,0,6,0,2
110.0,0,1,1,0,0,2,83,0,7,0,2
115.0,0,1,1,0,0,2,83,0,7,0,2
89.0,0,1,1,0,0,2,83,0,2,0,2
52.0,0,1,1,0,0,2,83,3,6,0,2
69.0,0,1,1,0,0,2,83,3,6,0,2
87.0,0,1,1,0,0,2,83,3,3,0,2
52.0,0,1,0,0,0,2,83,3,6,0,2
85.0,0,1,0,0,0,2,83,3,7,0,2
69.0,0,1,1,0,0,2,83,3,6,0,2
67.0,0,1,1,0,0,2,83,3,6,0,2
91.0,0,1,1,0,0,2,83,3,6,0,2
91.0,0,1,1,0,0,2,83,3,6,0,2
109.0,0,1,1,0,0,2,83,3,2,0,2
87.0,0,1,1,0,0,2,83,3,7,0,2
59.0,0,1,1,0,0,2,83,3,6,0,2
83.0,0,1,1,0,0,2,83,3,7,0,2
89.0,0,1,1,0,0,2,83,3,2,0,2
110.0,0,1,1,0,0,2,83,3,7,0,2
83.0,0,1,1,0,0,2,83,3,6,0,2
110.0,0,1,1,0,0,2,83,3,7,0,2
63.0,0,1,1,0,0,2,83,3,6,0,2
63.0,0,1,1,0,0,2,83,3,6,0,2
63.0,0,1,1,0,0,2,83,3,6,0,2
63.0,0,1,1,0,0,2,83,3,6,0,2
100.0,0,1,1,0,0,2,83,3,7,0,2
59.0,0,1,1,0,0,2,83,9,6,0,2
59.0,0,1,1,0,0,2,83,9,6,0,2
79.0,0,1,1,0,0,2,83,9,6,0,2
52.0,0,1,0,0,0,2,83,9,6,0,2
85.0,0,1,0,0,0,2,83,9,7,0,2
79.0,0,1,1,0,0,2,83,9,6,0,2
59.0,0,1,1,0,0,2,83,9,6,0,2
91.0,0,1,1,0,0,2,83,9,6,0,2
95.0,0,1,1,0,0,2,83,9,2,0,2
97.0,0,1,1,0,0,2,83,9,7,0,2
124.0,0,1,1,0,0,2,83,9,7,0,2
79.0,0,1,1,0,0,2,83,9,6,0,2
79.0,0,1,1,0,0,2,83,9,7,0,2
89.0,0,1,1,0,0,2,83,9,2,0,2
95.0,0,1,1,0,0,2,83,9,7,0,2
67.0,0,1,1,0,0,2,83,2,6,0,2
110.0,0,1,1,0,0,2,83,2,7,0,2
84.0,0,1,0,0,1,2,83,7,1,1,2
177.0,0,1,1,0,1,2,83,7,1,0,2
177.0,0,1,1,0,1,2,83,9,1,0,2
177.0,0,1,1,0,1,2,83,9,1,0,2
184.0,0,1,1,0,0,2,83,9,1,0,2
104.0,0,1,1,0,1,2,83,7,1,0,2
204.0,0,1,1,0,1,2,83,7,3,0,2
119.0,0,1,1,0,1,2,83,18,1,0,2
99.0,0,1,1,0,1,2,83,18,3,0,2
59.0,0,1,1,0,0,2,83,2,6,0,1
74.0,0,1,1,0,0,2,83,18,3,0,1
82.0,0,1,1,0,1,2,83,2,1,0,1
84.0,0,1,1,0,1,2,83,18,3,0,1
104.0,0,1,1,0,1,2,83,7,1,0,1
139.0,0,1,1,0,1,2,83,7,1,0,1
229.0,0,1,1,0,1,2,83,7,1,0,2
201.0,0,1,1,0,1,2,83,7,1,0,2
151.0,0,1,1,0,1,2,83,7,1,0,2
164.0,0,1,1,0,1,2,83,7,1,0,2
140.0,0,1,1,0,1,2,83,7,7,0,1
89.0,0,1,1,0,1,2,83,7,1,0,1
109.0,0,1,1,0,1,2,83,7,1,0,1
129.0,0,1,1,0,1,2,83,7,1,0,1
149.0,0,1,1,0,1,2,83,7,1,0,1
168.0,0,1,1,0,1,2,83,7,7,0,1
219.0,0,1,1,0,1,2,83,7,1,0,2
220.0,0,1,1,0,1,2,83,7,1,0,2
159.0,0,1,1,0,1,2,83,7,1,0,2
181.0,0,1,1,0,1,2,83,7,1,0,2
184.0,0,1,1,0,1,2,83,18,6,0,1
197.0,0,1,1,0,1,2,83,18,7,0,1
129.0,0,1,1,0,1,2,83,15,1,0,1
199.0,0,1,1,0,1,2,83,15,1,0,2
197.0,0,1,1,0,1,2,83,15,7,0,1
220.0,0,1,1,0,1,2,83,15,1,0,2
167.0,0,1,1,0,1,2,83,15,1,0,2
211.0,0,1,1,0,1,2,83,15,1,0,2
220.0,0,1,1,0,1,2,83,15,1,0,2
167.0,0,1,1,0,1,2,83,15,1,0,2
211.0,0,1,1,0,1,2,83,15,1,0,2
199.0,0,1,1,0,1,2,83,18,1,0,2
109.0,0,1,1,0,1,2,83,3,1,0,1
169.0,0,1,1,0,1,2,83,3,1,0,2
201.0,0,1,1,0,1,2,83,3,1,0,2
151.0,0,1,1,0,1,2,83,3,1,0,2
164.0,0,1,1,0,1,2,83,3,1,0,2
140.0,0,1,1,0,1,2,83,3,1,0,1
109.0,0,1,1,0,1,2,83,9,1,0,1
194.0,0,1,1,0,1,2,83,9,1,0,2
187.0,0,1,1,0,1,2,83,9,1,0,2
143.0,0,1,1,0,1,2,83,9,1,0,2
177.0,0,1,1,0,1,2,83,9,1,0,2
158.0,0,1,1,0,1,2,83,9,2,0,1
144.0,0,1,1,0,1,2,83,9,7,0,1
89.0,0,1,1,0,1,2,83,2,1,0,1
143.0,0,1,1,0,0,2,83,2,1,0,2
132.0,0,1,1,0,0,2,83,2,1,0,1
119.0,0,1,1,0,1,2,83,15,1,0,1
189.0,0,1,1,0,1,2,83,15,1,0,2
190.0,0,1,1,0,1,2,83,15,1,0,2
159.0,0,1,1,0,1,2,83,15,1,0,2
162.0,0,1,1,0,1,2,83,15,7,0,1
119.0,0,1,1,0,1,2,83,0,1,0,1
189.0,0,1,1,0,1,2,83,0,1,0,2
239.0,0,1,1,0,1,2,83,0,1,0,2
210.0,0,1,1,0,1,2,83,0,7,0,2
160.0,0,1,1,0,1,2,83,0,1,0,2
202.0,0,1,1,0,1,2,83,0,1,0,2
188.0,0,1,1,0,1,2,83,0,7,0,1
99.0,0,1,1,0,0,2,83,2,1,0,1
199.0,0,1,1,0,0,2,83,2,1,0,2
201.0,0,1,1,0,0,2,83,2,7,0,2
201.0,0,1,1,0,0,2,83,2,7,0,1
99.0,0,1,1,0,1,2,83,3,1,0,1
209.0,0,1,1,0,1,2,83,3,1,0,2
201.0,0,1,1,0,1,2,83,3,1,0,2
180.0,0,1,1,0,1,2,83,3,7,0,1
119.0,0,1,1,0,1,2,83,6,1,0,1
140.0,0,1,1,0,0,2,83,6,7,0,1
100.0,0,1,1,0,1,2,83,3,1,0,1
153.0,0,1,1,0,1,2,83,3,1,0,1
154.0,0,1,1,0,1,2,83,3,1,0,2
210.0,0,1,1,0,1,2,83,3,1,0,2
159.0,0,1,1,0,1,2,83,3,1,0,2
174.0,0,1,1,0,1,2,83,3,1,0,2
100.0,0,1,1,0,1,2,83,1,1,0,1
125.0,0,1,1,0,1,2,83,2,2,0,1
94.0,0,1,1,0,0,2,83,7,6,0,1
99.0,0,1,1,0,0,2,83,7,7,0,1
44.0,0,1,1,0,1,2,83,7,6,1,1
74.0,0,1,1,0,1,2,83,7,1,1,2
100.0,0,1,1,0,1,2,83,7,1,1,2
69.0,0,1,1,0,1,2,83,7,6,1,1
110.0,0,1,1,0,1,2,83,7,6,1,1
67.0,0,1,1,0,1,2,83,7,6,1,1
59.0,0,1,1,0,1,2,83,7,6,1,1
100.0,0,1,1,0,1,2,83,2,6,1,1
110.0,0,1,1,0,1,2,83,7,1,1,2
44.0,0,1,1,0,1,2,83,3,6,1,1
74.0,0,1,1,0,1,2,83,3,1,1,2
100.0,0,1,1,0,1,2,83,3,1,1,2
69.0,0,1,1,0,1,2,83,3,6,1,1
91.0,0,1,1,0,1,2,83,3,6,1,1
70.0,0,1,1,0,1,2,83,3,6,1,1
44.0,0,1,1,0,1,2,83,9,6,1,1
74.0,0,1,1,0,1,2,83,9,1,1,2
100.0,0,1,1,0,1,2,83,9,1,1,2
54.0,0,1,1,0,1,2,83,9,6,1,1
91.0,0,1,1,0,1,2,83,9,6,1,1
80.0,0,1,1,0,1,2,83,9,6,1,1
39.0,0,1,1,0,1,2,83,2,6,1,1
84.0,0,1,1,0,1,2,83,2,1,1,2
95.0,0,1,1,0,0,2,83,2,1,1,2
66.0,0,1,1,0,0,2,83,2,6,1,1
49.0,0,1,1,0,1,2,83,15,6,1,1
89.0,0,1,1,0,1,2,83,15,1,1,2
105.0,0,1,1,0,1,2,83,15,1,1,2
74.0,0,1,1,0,1,2,83,15,6,1,1
94.0,0,1,1,0,1,2,83,15,6,1,1
85.0,0,1,1,0,1,2,83,15,6,1,1
74.0,0,1,1,0,1,2,83,0,6,1,1
89.0,0,1,1,0,1,2,83,0,1,1,2
105.0,0,1,1,0,1,2,83,0,1,1,2
74.0,0,1,1,0,1,2,83,0,6,1,1
114.0,0,1,1,0,1,2,83,0,6,1,1
85.0,0,1,1,0,1,2,83,0,6,1,1
44.0,0,1,1,0,0,2,83,6,6,1,1
80.0,0,1,1,0,0,2,83,6,6,1,1
59.0,0,1,1,0,1,2,83,3,6,1,1
95.0,0,1,1,0,1,2,83,3,6,1,1
99.0,0,1,1,0,1,2,83,3,1,1,2
110.0,0,0,0,0,0,1,84,0,3,1,1
99.0,0,0,0,0,0,1,84,0,3,1,1
71.0,0,0,1,0,0,1,84,9,3,1,1
99.0,0,1,1,0,0,1,85,3,7,1,2
89.0,0,1,1,0,1,1,85,9,7,1,2
129.0,0,0,1,0,0,1,85,9,7,1,2
139.0,0,1,1,0,0,1,85,9,1,0,2
259.0,0,0,1,0,0,2,86,9,7,1,0
136.0,0,1,1,0,1,2,87,7,1,0,2
199.0,0,1,1,0,0,2,87,7,7,0,1
85.0,0,1,1,0,1,2,87,18,3,1,2
97.0,0,1,1,0,0,2,87,3,1,1,2
159.0,0,1,1,0,0,2,87,7,1,1,2
159.0,0,1,1,0,0,2,87,7,1,1,2
207.0,0,1,1,0,1,2,87,17,1,1,2
136.0,0,1,0,0,0,1,88,7,1,0,1
145.0,0,1,1,0,0,2,89,2,1,0,2
179.0,0,1,0,0,1,2,89,7,1,0,2
229.0,0,1,0,0,1,2,89,7,3,0,2
255.0,0,1,1,0,0,2,89,7,1,1,2
225.0,0,1,0,0,0,2,89,17,5,0,2
215.0,0,1,0,0,0,2,89,17,5,0,2
145.0,0,1,1,0,0,2,89,2,1,0,2
139.0,0,1,1,0,0,2,89,3,1,0,2
179.0,0,1,0,0,1,2,89,7,1,0,2
215.0,0,1,0,0,0,2,89,9,1,0,2
220.0,0,1,0,0,0,2,89,17,5,0,2
319.0,0,1,1,0,0,2,90,13,1,0,1
189.0,0,1,1,0,0,2,90,3,1,0,2
189.0,0,1,1,0,0,2,91,7,7,1,2
109.0,0,1,0,0,0,2,91,17,7,1,2
79.0,0,1,1,0,1,1,92,7,5,1,2
61.0,0,1,1,0,1,1,92,7,1,0,1
79.0,0,1,1,0,1,1,92,7,1,0,1
83.0,0,1,1,0,1,1,92,7,1,0,1
79.0,0,1,1,0,1,1,92,7,1,0,2
109.0,0,1,1,0,1,1,92,7,1,0,2
85.0,0,1,1,0,0,1,92,7,7,0,2
119.0,0,1,1,0,0,1,92,17,1,0,2
35.0,0,1,1,0,0,1,92,18,7,1,2
39.0,0,1,1,0,0,1,92,18,2,1,2
90.0,0,1,1,0,0,1,92,7,1,1,2
207.0,0,0,0,0,0,2,93,0,7,1,0
105.0,0,0,0,0,0,2,93,2,3,1,2
105.0,0,0,0,0,0,2,93,2,3,1,2
100.0,0,0,0,0,0,2,93,3,3,1,1
95.0,0,0,0,0,0,2,93,3,3,1,1
125.0,0,0,0,0,0,2,93,3,3,1,2
239.0,0,0,0,0,0,2,93,3,3,1,1
109.0,0,0,0,0,0,2,93,3,3,1,1
90.0,0,0,0,0,0,2,93,3,3,1,0
125.0,0,0,0,0,0,2,93,3,3,1,2
120.0,0,0,0,0,0,2,93,3,3,1,2
125.0,0,0,0,0,0,2,93,3,3,1,2
119.0,0,0,0,0,0,2,93,3,3,1,2
100.0,0,0,0,0,0,2,93,3,3,1,2
120.0,0,0,0,0,0,2,93,0,7,1,2
119.0,0,0,0,0,0,2,93,9,3,1,1
119.0,0,0,0,0,0,2,93,9,3,1,1
104.0,0,0,0,0,0,2,93,9,3,1,1
119.0,0,0,0,0,0,2,93,9,3,1,1
119.0,0,0,0,0,0,2,93,9,3,1,1
125.0,0,0,0,0,0,2,93,9,3,1,2
140.0,0,0,0,0,0,2,93,9,3,1,2
130.0,0,0,0,0,0,2,93,9,3,1,2
134.0,0,0,0,0,0,2,93,9,3,1,2
120.0,0,0,0,0,0,2,93,9,3,1,2
130.0,0,0,0,0,0,2,93,9,3,1,2
130.0,0,0,0,0,0,2,93,9,3,1,2
130.0,0,0,0,0,0,2,93,9,3,1,2
140.0,0,0,0,0,0,2,93,9,3,1,2
145.0,0,0,0,0,0,2,93,9,3,1,2
124.0,0,0,0,0,0,2,93,0,3,1,1
124.0,0,0,0,0,0,2,93,0,3,1,1
124.0,0,0,0,0,0,2,93,0,3,1,1
169.0,0,0,0,0,0,2,93,0,7,1,0
140.0,0,0,0,0,0,2,93,0,3,1,2
140.0,0,0,0,0,0,2,93,0,3,1,2
140.0,0,0,0,0,0,2,93,0,3,1,2
149.0,0,0,0,0,0,2,93,0,3,1,2
140.0,0,0,0,0,0,2,93,0,3,1,2
135.0,0,0,0,0,0,2,93,0,3,1,2
149.0,0,0,0,0,0,2,93,0,3,1,2
139.0,0,0,0,0,0,2,93,0,3,1,2
155.0,0,0,0,0,0,2,93,0,3,1,2
259.0,0,0,0,0,0,2,93,0,3,1,1
259.0,0,0,0,0,0,2,93,0,3,1,1
195.0,0,1,0,0,0,2,93,14,7,1,2
85.0,0,0,0,0,0,2,93,0,3,1,0
139.0,0,0,0,0,0,2,93,0,3,1,2
135.0,0,0,0,0,0,2,93,0,3,1,2
139.0,0,0,0,0,0,2,93,0,3,1,2
130.0,0,0,0,0,0,2,93,0,3,1,2
209.0,0,0,0,0,0,2,93,0,7,1,0
135.0,0,0,0,0,0,2,93,0,2,1,2
135.0,0,0,0,0,0,2,93,0,2,1,2
49.0,0,1,1,0,0,0,94,12,1,1,2
219.0,0,0,0,0,0,2,95,3,7,1,2
239.0,0,1,0,0,0,2,95,3,7,1,2
239.0,0,1,0,0,0,2,95,3,7,1,2
239.0,0,1,0,0,0,2,95,3,7,1,2
159.0,0,1,0,0,1,2,95,17,1,1,2
149.0,0,1,0,0,1,2,95,13,7,1,2
199.0,0,1,1,0,1,2,95,7,1,1,2
199.0,0,1,0,0,0,2,95,7,1,1,2
139.0,0,0,0,0,0,2,95,7,7,1,2
169.0,0,0,0,0,0,2,95,7,7,1,2
222.0,0,1,0,0,0,2,95,7,2,1,2
199.0,0,0,0,0,0,2,95,7,2,1,2
155.0,0,1,1,0,0,2,95,7,1,0,2
129.0,0,1,0,0,1,2,95,7,1,0,2
109.0,0,1,0,0,1,2,95,18,1,1,2
99.0,0,1,0,0,1,2,95,18,1,1,2
99.0,0,0,0,0,1,2,95,7,1,1,2
169.0,0,1,1,0,0,2,95,0,1,0,2
159.0,0,1,1,0,0,2,95,7,1,0,2
80.0,0,1,0,0,0,2,95,7,1,1,2
59.0,0,1,0,0,0,2,95,18,1,1,2
129.0,0,1,0,0,0,2,95,3,7,1,2
119.0,0,1,0,0,0,2,95,7,1,0,2
119.0,0,1,0,0,0,2,95,7,7,1,2
99.0,0,1,0,0,1,2,95,0,7,1,2
90.0,0,1,0,0,1,2,95,5,7,0,2
139.0,0,1,0,0,0,2,95,7,1,1,2
109.0,0,1,1,0,0,1,96,7,1,0,2
49.0,0,1,1,0,0,1,96,7,1,1,2
59.0,0,1,1,0,1,1,96,9,1,1,2
69.0,0,1,1,0,0,1,96,17,1,0,2
74.0,0,1,1,0,0,1,96,17,1,1,2
139.0,0,1,1,0,0,1,96,9,1,0,2
69.0,0,1,1,0,0,1,96,9,1,0,2
89.0,0,1,1,0,0,1,96,15,1,0,2
89.0,0,0,1,0,0,1,96,15,1,0,2
89.0,0,1,1,0,1,1,96,7,1,0,2
89.0,0,1,1,0,1,1,96,7,1,1,2
95.0,0,1,1,0,1,1,96,7,1,0,2
79.0,0,1,1,0,1,1,96,7,1,0,2
79.0,0,1,1,0,0,1,96,7,1,0,2
89.0,0,1,1,0,0,1,97,3,7,1,2
99.0,0,1,1,0,0,1,97,3,7,1,2
75.0,0,0,1,0,0,1,97,9,7,0,2
119.0,0,1,1,0,0,1,97,15,1,1,2
105.0,0,1,1,0,0,1,97,7,7,1,2
119.0,0,1,1,0,0,1,97,7,1,1,2
56.0,0,0,0,0,0,1,97,3,7,1,2
139.0,0,1,1,0,0,1,98,15,3,1,2
129.0,0,0,1,0,0,1,98,9,3,1,2
129.0,0,0,1,0,0,1,98,9,3,1,2
119.0,0,1,1,0,1,1,98,3,1,1,2
139.0,0,1,1,0,0,1,98,15,3,1,2
119.0,0,0,1,0,1,1,98,3,1,1,2
129.0,0,1,1,0,1,1,98,9,1,1,2
129.0,0,1,1,0,1,1,98,9,3,1,2
99.0,0,0,1,0,0,2,99,9,3,1,1
94.0,0,0,1,0,0,2,99,2,3,1,0
114.0,0,0,0,0,0,2,99,0,3,0,1
132.0,0,0,1,0,0,2,99,0,3,1,1
194.0,0,1,1,0,0,2,99,7,3,0,2
79.0,0,1,1,0,0,2,99,7,3,0,2
49.0,0,1,1,0,0,2,99,2,7,1,1
99.0,0,1,1,0,0,2,99,6,2,1,2
99.0,0,1,1,0,0,2,99,6,2,1,2
99.0,0,1,1,0,0,2,99,6,2,1,2
99.0,0,1,1,0,0,2,99,6,2,1,2
99.0,0,1,1,0,0,2,99,6,2,1,2
99.0,0,1,1,0,0,2,99,6,2,1,2
219.0,0,1,0,0,0,2,99,3,3,0,1
104.0,0,0,0,0,0,2,99,0,3,1,1
74.0,0,0,1,0,0,2,99,2,3,1,1
179.0,0,1,1,0,0,2,99,3,5,0,1
109.0,0,0,1,0,0,2,99,2,3,0,1
89.0,0,0,0,0,0,2,99,2,3,1,1
69.0,0,1,1,0,0,2,99,17,1,1,2
99.0,0,0,0,0,0,2,99,0,3,1,1
295.0,0,1,0,0,0,2,100,9,1,0,1
75.0,0,1,1,0,0,2,101,7,7,1,2
75.0,0,1,1,0,0,2,101,15,7,1,2
125.0,0,0,1,0,0,2,101,9,1,0,2
39.0,0,1,1,0,0,2,101,15,7,1,1
64.0,0,1,1,0,0,2,101,7,1,1,1
104.0,0,1,1,0,0,2,101,15,7,1,2
107.0,0,1,1,0,0,2,101,15,7,1,2
115.0,0,1,1,0,1,2,101,3,7,1,2
89.0,0,0,0,0,0,0,102,0,7,1,1
85.0,0,0,0,0,0,0,102,3,7,1,1
299.0,0,1,0,0,0,2,103,3,2,0,1
123.0,0,0,0,0,0,1,104,0,3,1,2
104.0,0,0,0,0,0,1,104,0,3,1,1
143.0,0,0,0,0,0,1,104,7,3,1,2
107.0,0,0,0,0,0,1,104,7,3,1,1
40.0,0,1,1,0,0,2,105,2,7,1,2
55.0,0,0,0,0,0,2,105,7,7,1,0
32.0,0,0,0,0,0,2,105,3,7,1,1
20.0,0,0,0,0,0,2,105,18,7,1,0
90.0,0,1,0,0,0,2,105,18,2,1,1
25.0,0,0,0,0,0,2,105,18,7,1,0
50.0,0,1,0,0,0,2,105,18,7,1,0
129.0,0,1,1,0,0,2,105,18,7,1,1
90.0,0,1,1,0,0,2,105,18,7,1,1
5.0,0,0,0,0,0,2,105,18,7,1,0
120.0,0,1,0,0,0,2,105,9,7,1,1
35.0,0,0,1,0,1,2,105,3,2,1,0
30.0,0,0,0,0,0,2,105,1,7,1,0
35.0,0,1,0,0,0,2,105,1,7,1,0
40.0,0,1,1,0,1,2,105,18,2,1,1
9.0,0,0,1,0,0,2,105,18,7,1,1
5.0,0,0,0,0,0,2,105,18,7,1,0
246.0,0,1,0,0,0,2,106,6,5,0,2
39.0,0,1,1,0,0,0,107,2,3,1,2
44.0,0,1,1,0,0,0,107,3,3,1,2
84.0,0,1,1,0,0,2,108,18,1,1,2
199.0,0,1,1,0,0,2,108,3,1,1,2
229.0,0,1,1,0,0,2,108,18,1,1,2
129.0,0,1,1,0,0,2,108,3,3,1,2
134.0,0,1,1,0,0,2,108,3,3,1,2
219.0,0,1,1,0,0,2,108,7,3,1,2
199.0,0,1,1,0,0,2,108,2,1,1,2
89.0,0,1,0,0,0,2,108,18,1,1,2
249.0,0,1,1,0,0,2,108,7,1,1,2
249.0,0,1,1,0,0,2,108,7,1,1,2
249.0,0,1,1,0,0,2,108,7,1,1,2
189.0,0,1,0,0,0,2,109,9,1,1,2
189.0,0,1,0,0,0,2,109,9,1,1,2
189.0,0,1,0,0,0,2,109,9,1,1,2
189.0,0,1,0,0,0,2,109,9,1,0,2
199.0,0,1,0,0,1,2,109,9,1,0,2
199.0,0,1,1,0,1,2,109,3,1,0,2
189.0,0,1,1,0,0,2,109,3,1,0,1
209.0,0,1,1,0,1,2,109,3,2,0,2
259.0,0,1,1,0,1,2,109,7,1,0,2
269.0,0,0,0,0,0,2,109,17,7,1,1
109.0,0,1,1,0,1,2,109,18,1,0,2
179.0,0,1,0,0,1,2,109,3,1,0,1
209.0,0,1,0,0,1,2,109,3,1,0,2
159.0,0,1,0,0,1,2,109,3,1,0,2
175.0,0,1,1,0,1,2,109,3,1,0,2
185.0,0,1,1,0,1,2,109,3,1,0,2
175.0,0,1,1,0,1,2,109,3,1,0,2
185.0,0,1,1,0,1,2,109,3,1,0,2
185.0,0,1,1,0,1,2,109,3,1,0,2
200.0,0,1,1,0,1,2,109,3,1,0,2
179.0,0,1,1,0,1,2,109,7,1,0,2
199.0,0,1,1,0,1,2,109,7,1,0,2
199.0,0,1,1,0,1,2,109,7,1,0,2
199.0,0,1,1,0,1,2,109,7,1,0,2
209.0,0,1,0,0,1,2,109,7,1,0,2
229.0,0,1,1,0,1,2,109,7,7,1,1
279.0,0,1,1,0,1,2,109,7,7,1,0
229.0,0,1,1,0,1,2,109,7,7,1,0
209.0,0,1,1,0,1,2,109,7,1,0,2
199.0,0,1,1,0,1,2,109,7,1,0,2
249.0,0,1,1,0,1,2,109,7,7,1,0
209.0,0,1,1,0,1,2,109,7,1,0,2
215.0,0,0,0,0,0,2,109,7,7,0,2
215.0,0,0,0,0,0,2,109,7,5,0,2
215.0,0,0,1,0,0,2,109,7,5,0,2
215.0,0,0,0,0,0,2,109,7,5,0,2
215.0,0,0,0,0,0,2,109,7,5,0,2
215.0,0,0,0,0,1,2,109,7,7,0,2
255.0,0,1,0,0,0,2,109,7,7,1,0
199.0,0,1,1,0,1,2,109,7,1,0,2
245.0,0,1,1,0,0,2,109,17,1,0,2
245.0,0,1,1,0,0,2,109,17,1,0,2
245.0,0,1,1,0,0,2,109,17,1,0,2
245.0,0,1,1,0,0,2,109,17,1,0,2
100.0,0,1,1,0,1,2,109,18,3,0,2
101.0,0,1,1,0,1,2,109,18,1,0,2
103.0,0,1,1,0,1,2,109,18,7,1,0
107.0,0,1,1,0,1,2,109,18,7,1,0
109.0,0,1,1,0,1,2,109,18,7,1,0
105.0,0,0,0,0,0,2,109,18,5,0,2
105.0,0,0,0,0,0,2,109,18,5,0,2
105.0,0,0,0,0,0,2,109,18,5,0,2
105.0,0,0,0,0,0,2,109,18,5,0,2
105.0,0,0,0,0,0,2,109,18,7,1,0
99.0,0,1,1,0,0,1,110,7,1,1,2
124.0,0,0,1,0,0,1,111,3,3,0,1
129.0,0,0,1,0,0,1,111,2,3,1,1
114.0,0,0,0,0,0,1,111,2,3,1,1
104.0,0,0,1,0,0,1,111,18,3,1,1
149.0,0,1,1,0,0,1,111,2,3,1,2
104.0,0,0,1,0,0,1,111,2,3,1,1
124.0,0,0,1,0,0,1,111,18,3,1,0
143.0,0,0,1,0,0,1,111,7,3,1,2
154.0,0,0,0,0,0,1,111,9,3,0,1
109.0,0,0,0,0,0,1,111,0,3,1,2
109.0,0,0,0,0,0,1,111,0,3,1,1
118.0,0,1,0,0,0,1,111,0,3,1,2
118.0,0,1,0,0,0,1,111,0,3,1,2
65.0,0,1,0,0,0,0,112,3,1,0,2
65.0,0,1,0,0,0,0,112,3,1,0,2
65.0,0,1,0,0,0,0,112,3,1,0,2
65.0,0,1,0,0,0,0,112,3,1,0,2
42.0,0,1,0,0,0,1,113,3,7,1,1
69.0,0,1,1,0,1,1,113,3,1,0,1
75.0,0,1,1,0,1,1,113,7,1,0,2
75.0,0,1,1,0,0,1,113,9,1,0,1
118.0,0,1,0,0,0,1,113,0,1,0,1
79.0,0,1,1,0,0,1,113,7,1,0,2
89.0,0,1,1,0,1,1,113,7,1,0,2
62.0,0,1,1,0,0,1,113,7,1,1,2
62.0,0,1,1,0,0,1,113,17,1,1,2
89.0,0,1,1,0,1,1,113,3,1,0,2
69.0,0,1,1,0,1,1,113,7,1,1,2
126.0,0,1,0,0,0,2,114,7,1,1,2
199.0,0,0,0,0,1,2,114,7,1,0,2
295.0,0,1,0,0,0,2,114,7,5,0,0
89.0,0,1,1,0,1,2,115,7,1,0,1
99.0,0,1,1,0,1,2,115,7,3,0,2
107.0,0,1,1,0,1,2,115,7,1,0,2
139.0,0,1,1,0,1,2,115,7,1,0,2
139.0,0,1,1,0,1,2,115,7,1,0,2
149.0,0,1,1,0,0,2,115,15,1,0,1
89.0,0,1,1,0,0,2,115,9,1,0,1
97.0,0,1,1,0,0,2,115,9,3,0,2
149.0,0,1,1,0,0,2,115,0,1,0,1
120.0,0,1,1,0,0,2,115,3,1,0,1
98.0,0,1,1,0,0,2,115,3,3,0,2
108.0,0,0,1,0,0,2,115,0,6,1,1
63.0,0,1,0,0,0,2,115,0,6,1,2
43.0,0,1,0,0,0,2,115,7,6,1,2
95.0,0,1,1,0,0,2,116,18,1,0,2
169.0,0,1,1,0,1,2,116,3,1,0,2
179.0,0,1,1,0,1,2,116,7,1,0,2
199.0,0,1,1,0,1,2,116,7,1,0,2
109.0,0,1,1,0,1,2,116,18,7,0,1
89.0,0,1,0,0,0,1,117,1,7,0,2
129.0,0,1,1,0,0,1,117,1,3,0,2
109.0,0,1,0,0,0,1,117,1,5,0,2
109.0,0,1,0,0,0,1,117,1,5,0,2
89.0,0,1,1,0,0,2,118,18,1,1,2
199.0,0,1,1,0,0,2,118,3,1,1,2
95.0,0,1,1,0,0,1,119,15,7,1,2
55.0,0,1,1,0,0,1,119,7,7,1,2
119.0,0,1,1,0,0,1,119,14,1,1,2
39.0,0,0,0,0,0,0,120,18,1,1,2
59.0,0,1,1,0,1,0,120,7,1,1,1
119.0,0,1,0,0,0,2,121,1,1,0,2
195.0,0,1,0,0,0,2,121,1,1,0,2
135.0,0,1,0,0,0,2,121,1,5,0,2
189.0,0,0,1,0,0,2,122,3,7,1,2
196.0,0,0,0,0,0,2,122,7,7,1,1
199.0,0,0,0,0,0,2,122,17,7,1,2
191.0,0,0,1,0,0,2,122,0,7,1,2
219.0,0,0,0,0,0,2,122,3,7,0,2
194.0,0,0,0,0,0,2,122,0,7,1,1
219.0,0,0,1,0,0,2,122,0,7,1,2
192.0,0,0,1,0,0,2,122,9,7,1,2
198.0,0,0,0,0,0,2,122,15,7,1,1
179.0,0,0,0,0,0,2,123,9,7,0,1
89.0,0,1,1,0,0,0,124,7,7,1,2
220.0,0,1,1,0,0,2,125,3,5,1,1
99.0,0,1,1,0,0,1,126,2,7,0,2
109.0,0,1,1,0,0,1,126,2,7,0,2
109.0,0,1,1,0,0,1,126,7,7,0,2
119.0,0,1,1,0,0,1,126,7,7,0,2
119.0,0,1,1,0,0,1,126,15,7,0,2
129.0,0,1,1,0,0,1,126,15,7,0,2
159.0,0,1,1,0,1,1,126,7,7,1,2
149.0,0,1,1,0,0,1,126,9,1,0,2
119.0,0,1,1,0,0,1,126,3,7,0,2
129.0,0,1,1,0,0,1,126,7,7,0,2
129.0,0,1,1,0,0,1,126,7,1,0,2
139.0,0,1,1,0,0,1,126,15,7,0,2
139.0,0,1,1,0,0,1,126,15,1,0,2
99.0,0,0,1,0,1,1,126,7,1,1,2
199.0,0,1,1,0,0,1,126,7,1,0,1
109.0,0,0,1,0,0,1,126,3,7,0,2
119.0,0,0,1,0,0,1,126,3,7,0,2
94.0,0,0,1,0,0,1,127,2,3,1,2
149.0,0,1,1,0,0,2,128,3,3,0,0
49.0,0,1,1,0,1,0,129,0,0,1,1
99.0,0,1,0,0,0,1,130,3,5,1,2
75.0,0,1,1,0,0,2,131,18,7,1,0
99.0,0,0,0,0,0,2,131,18,7,0,0
59.0,0,1,1,0,0,2,132,0,7,0,1
229.0,0,1,0,0,0,2,133,0,1,1,2
155.0,0,1,0,0,0,2,134,18,1,0,2
27.0,0,1,0,0,0,2,134,18,7,0,2
199.0,0,0,1,0,0,2,134,9,1,0,2
199.0,0,0,1,0,0,2,134,9,1,0,2
195.0,0,1,0,0,0,2,134,2,1,0,2
49.0,0,1,0,0,0,2,134,2,2,0,2
65.0,0,1,0,0,0,2,134,2,7,0,1
115.0,0,1,0,0,0,2,134,2,1,0,2
110.0,0,1,0,0,0,2,134,2,2,0,2
195.0,0,1,0,0,0,2,134,3,1,0,2
110.0,0,1,0,0,0,2,134,3,2,0,2
55.0,0,1,0,0,0,2,134,3,7,1,1
130.0,0,1,0,0,0,2,134,3,1,0,2
225.0,0,1,0,0,0,2,134,7,1,0,2
121.0,0,1,0,0,0,2,134,7,1,0,2
38.0,0,1,0,0,0,2,134,9,1,0,2
64.0,0,1,0,0,0,2,134,9,7,1,1
140.0,0,1,1,0,0,2,134,9,1,0,2
175.0,0,1,0,0,0,2,134,3,1,1,2
89.0,0,1,1,0,0,2,135,0,7,1,2
95.0,0,0,0,0,0,1,136,9,1,1,2
129.0,0,0,1,0,0,2,137,2,7,0,1
275.0,0,0,0,0,0,2,138,9,3,1,2
239.0,0,0,1,0,0,2,138,9,3,1,1
184.0,0,0,1,0,0,2,138,9,3,1,1
226.0,0,0,0,0,0,2,138,0,3,1,1
156.0,0,0,0,0,0,2,138,9,2,1,1
235.0,0,0,0,0,0,2,138,7,3,1,2
105.0,0,0,0,0,0,2,138,18,7,1,1
79.0,0,1,1,0,1,2,139,7,1,0,2
59.0,0,0,1,0,0,2,139,7,1,1,2
179.0,0,1,1,0,1,2,139,3,1,0,2
31.0,0,0,1,0,0,1,140,0,0,1,1
49.0,0,0,1,0,0,1,140,7,0,1,2
49.0,0,1,1,0,0,1,140,2,0,1,2
54.0,0,1,1,0,0,1,140,9,1,1,2
47.0,0,1,1,0,0,1,140,0,7,1,1
69.0,0,0,1,0,0,1,140,7,0,0,2
29.0,0,0,0,0,0,1,140,13,0,1,2
69.0,0,1,1,0,0,1,140,0,0,0,1
79.0,0,0,1,0,0,1,140,0,0,1,1
36.0,0,1,1,0,1,1,140,0,0,1,1
49.0,0,1,1,0,0,1,140,3,0,1,1
59.0,0,1,1,0,0,1,140,3,0,1,2
41.0,0,1,1,0,0,1,140,3,0,1,1
54.0,0,1,1,0,0,1,140,3,0,1,2
59.0,0,1,1,0,0,1,140,3,0,1,2
59.0,0,1,1,0,0,1,140,3,0,1,2
32.0,0,1,1,0,0,1,140,6,0,1,2
59.0,0,1,1,0,0,1,140,0,0,0,1
74.0,0,0,1,0,0,1,140,0,0,0,1
74.0,0,1,1,0,0,1,140,0,0,0,1
64.0,0,1,1,0,0,1,140,0,0,0,1
57.0,0,1,1,0,0,1,140,9,0,0,2
79.0,0,1,1,0,0,1,140,0,0,0,2
36.0,0,0,1,0,0,1,140,1,0,1,1
49.0,0,1,1,0,0,1,140,1,7,1,2
59.0,0,1,1,0,0,1,140,2,0,1,2
69.0,0,1,1,0,0,1,140,2,0,1,2
59.0,0,1,1,0,0,1,140,2,0,1,2
37.0,0,1,1,0,0,1,140,18,3,1,2
64.0,0,1,1,0,1,1,140,13,1,1,2
74.0,0,1,1,0,1,1,140,13,1,1,2
69.0,0,1,1,0,1,1,140,13,1,1,2
54.0,0,1,1,0,0,1,140,8,1,1,1
79.0,0,1,1,0,0,1,140,8,1,1,2
49.0,0,1,1,0,0,1,140,7,1,1,1
59.0,0,1,1,0,0,1,140,0,1,1,2
64.0,0,1,1,0,1,1,140,7,1,1,2
44.0,0,1,1,0,0,1,140,2,0,1,1
44.0,0,1,1,0,0,1,140,2,0,1,1
54.0,0,0,1,0,0,1,140,2,0,1,1
64.0,0,1,1,0,0,1,140,13,0,1,2
64.0,0,1,1,0,0,1,140,13,0,1,2
49.0,0,0,1,0,0,1,140,3,0,0,2
64.0,0,0,1,0,0,1,140,0,0,1,2
54.0,0,0,1,0,0,1,140,0,0,0,1
49.0,0,1,1,0,1,1,140,9,0,0,1
59.0,0,0,1,0,0,1,140,9,0,1,2
69.0,0,1,1,0,0,1,140,13,0,1,2
36.0,0,1,1,0,0,1,140,2,1,1,1
46.0,0,1,1,0,0,1,140,2,1,1,2
56.0,0,1,0,0,0,1,140,9,7,1,1
65.0,0,1,1,0,1,1,140,7,1,0,2
75.0,0,1,1,0,1,1,140,15,1,0,2
116.0,0,1,1,0,1,1,140,7,1,0,2
44.0,0,1,1,0,0,1,140,9,0,1,1
54.0,0,1,1,0,0,1,140,9,0,1,2
46.0,0,1,1,0,0,1,140,7,0,0,1
43.0,0,1,1,0,0,1,140,2,0,1,2
39.0,0,1,1,0,0,1,140,3,1,1,1
54.0,0,1,1,0,0,1,140,3,1,1,2
54.0,0,1,1,0,0,1,140,13,0,1,1
69.0,0,1,1,0,1,1,140,7,1,0,1
89.0,0,1,1,0,1,1,140,7,1,0,2
42.0,0,1,1,0,0,1,140,7,0,1,1
59.0,0,1,1,0,0,1,140,7,0,1,2
69.0,0,1,1,0,0,1,140,7,0,1,2
64.0,0,1,1,0,0,1,140,3,0,0,1
79.0,0,1,1,0,0,1,140,3,0,0,2
36.0,0,0,1,0,0,1,140,0,0,1,1
29.0,0,0,1,0,0,1,140,13,0,1,2
24.0,0,0,1,0,0,1,140,9,0,1,1
29.0,0,0,1,0,0,1,140,9,0,1,2
42.0,0,1,1,0,0,1,140,9,1,1,1
54.0,0,1,1,0,0,1,140,9,1,1,2
69.0,0,1,1,0,0,1,140,9,1,1,2
46.0,0,1,1,0,1,1,140,0,0,1,1
39.0,0,1,1,0,0,1,140,0,0,1,1
41.0,0,1,1,0,0,1,140,0,0,1,1
69.0,0,1,1,0,0,1,140,7,7,0,2
79.0,0,1,0,0,0,1,140,7,7,0,2
39.0,0,1,1,0,1,1,140,2,0,0,2
49.0,0,1,1,0,0,1,140,0,0,1,1
64.0,0,1,1,0,1,1,140,7,1,1,2
79.0,0,1,1,0,1,1,140,7,1,1,2
69.0,0,1,1,0,1,1,140,7,1,1,2
69.0,0,1,1,0,1,1,140,0,0,1,1
84.0,0,1,1,0,1,1,140,0,0,1,2
56.0,0,0,1,0,0,1,140,9,0,1,2
64.0,0,1,1,0,0,1,140,9,0,1,2
49.0,0,1,1,0,0,1,140,0,1,1,1
64.0,0,1,1,0,0,1,140,0,1,1,2
64.0,0,1,1,0,1,1,140,0,0,0,1
245.0,0,0,1,0,0,2,141,3,7,1,2
54.0,0,0,0,0,0,1,142,2,7,0,2
89.0,0,1,1,0,1,1,142,7,1,1,2
59.0,0,1,1,0,1,1,142,3,1,0,2
51.0,0,1,1,0,1,1,142,7,1,1,2
69.0,0,1,1,0,1,1,142,9,1,1,2
40.0,0,1,1,0,0,1,142,2,7,1,2
49.0,0,1,0,0,0,1,142,2,7,1,2
64.0,0,0,0,0,0,1,142,2,7,1,2
52.0,0,1,0,0,0,1,142,3,7,1,2
54.0,0,1,1,0,0,1,142,7,7,1,2
80.0,0,1,1,0,0,1,142,7,7,0,2
55.0,0,0,1,0,0,1,142,9,7,1,2
69.0,0,1,1,0,0,1,142,9,7,1,2
34.0,0,0,1,0,0,1,142,0,7,1,1
79.0,0,1,1,0,1,1,142,15,2,1,2
89.0,0,1,1,0,1,1,142,15,7,1,2
89.0,0,1,1,0,1,1,142,15,7,1,2
105.0,0,0,1,0,0,2,143,0,7,1,0
119.0,0,1,1,0,1,2,143,3,7,1,2
130.0,0,1,1,0,0,1,144,7,1,0,2
109.0,0,1,1,0,0,1,144,7,3,0,2
99.0,0,1,1,0,0,1,144,7,3,0,2
59.0,0,0,0,0,0,1,145,3,3,1,2
59.0,0,0,0,0,0,1,145,3,3,1,2
59.0,0,0,0,0,0,1,145,3,3,1,2
65.0,0,0,0,0,1,1,145,7,3,1,2
65.0,0,0,0,0,1,1,145,7,3,1,2
65.0,0,0,0,0,1,1,145,7,3,1,2
129.0,0,1,0,0,1,1,145,3,7,1,2
149.0,0,0,0,0,0,1,145,7,1,1,1
99.0,0,1,1,0,0,2,146,2,7,0,2
69.0,0,1,1,0,0,2,146,2,7,0,2
149.0,0,1,1,0,0,2,146,18,1,0,2
179.0,0,0,0,0,0,2,146,7,7,0,0
159.0,0,1,0,0,1,2,146,3,1,0,2
69.0,0,1,1,0,0,2,147,2,7,1,1
43.0,0,1,1,0,0,2,147,18,7,0,2
59.0,0,1,1,0,1,2,147,3,7,1,1
58.0,0,1,1,0,1,2,147,3,7,1,1
50.0,0,1,1,0,1,2,147,2,1,0,2
63.0,0,1,1,0,0,2,147,2,1,1,2
65.0,0,1,1,0,0,2,147,2,1,1,2
63.0,0,1,1,0,0,2,147,2,1,1,2
69.0,0,1,1,0,0,2,147,2,1,0,2
139.0,0,1,1,0,0,2,147,2,1,0,2
89.0,0,1,1,0,0,2,147,2,1,0,2
139.0,0,1,1,0,0,2,147,2,1,1,2
69.0,0,1,1,0,1,2,147,2,7,0,2
69.0,0,1,1,0,1,2,147,2,1,0,2
109.0,0,1,1,0,0,2,147,2,1,1,2
139.0,0,1,1,0,0,2,147,2,1,0,2
69.0,0,1,1,0,0,2,147,5,1,1,2
68.0,0,1,1,0,0,2,147,5,1,1,2
70.0,0,1,1,0,0,2,147,5,1,1,2
68.0,0,1,1,0,0,2,147,5,1,1,2
109.0,0,1,1,0,0,2,147,5,1,0,2
70.0,0,1,1,0,0,2,147,5,1,1,2
60.0,0,1,1,0,1,2,147,7,1,0,2
59.0,0,1,1,0,1,2,147,7,7,1,2
89.0,0,1,1,0,1,2,147,7,1,1,2
89.0,0,1,1,0,1,2,147,7,1,1,1
59.0,0,1,1,0,1,2,147,7,1,1,2
89.0,0,1,1,0,1,2,147,7,1,1,2
85.0,0,1,1,0,1,2,147,7,1,1,2
69.0,0,1,1,0,1,2,147,7,1,1,1
85.0,0,1,1,0,1,2,147,7,1,1,2
89.0,0,1,1,0,1,2,147,7,1,1,2
59.0,0,1,1,0,1,2,147,7,1,1,2
79.0,0,1,1,0,0,2,147,10,1,1,2
73.0,0,1,1,0,0,2,147,10,1,1,2
73.0,0,1,1,0,0,2,147,10,1,1,2
119.0,0,1,1,0,0,2,147,10,1,0,2
119.0,0,1,1,0,0,2,147,10,1,1,2
119.0,0,1,1,0,0,2,147,10,1,0,2
125.0,0,1,1,0,0,2,147,10,1,0,2
78.0,0,1,1,0,1,2,147,12,5,1,1
89.0,0,1,1,0,0,2,147,15,1,1,2
78.0,0,1,1,0,0,2,147,15,1,1,2
78.0,0,1,1,0,0,2,147,15,1,1,2
127.0,0,1,1,0,0,2,147,15,1,0,2
127.0,0,1,1,0,0,2,147,15,1,0,2
79.0,0,1,1,0,0,2,147,15,1,0,2
85.0,0,1,0,0,1,2,147,17,1,1,1
85.0,0,1,1,0,1,2,147,17,1,0,2
99.0,0,1,1,0,1,2,147,17,1,0,2
115.0,0,1,1,0,1,2,147,17,1,1,1
179.0,0,1,1,0,1,2,147,17,1,0,2
69.0,0,1,1,0,0,2,147,17,7,1,1
99.0,0,1,1,0,1,2,147,17,1,1,2
69.0,0,1,1,0,0,2,147,17,1,1,1
99.0,0,1,1,0,1,2,147,17,1,1,2
95.0,0,1,1,0,1,2,147,17,1,1,2
79.0,0,1,1,0,1,2,147,17,7,1,1
95.0,0,1,1,0,1,2,147,17,1,1,2
99.0,0,1,1,0,1,2,147,17,1,1,2
69.0,0,1,1,0,0,2,147,17,1,1,1
95.0,0,1,1,0,0,2,147,2,7,1,2
59.0,0,1,1,0,0,2,147,15,1,1,1
55.0,0,1,0,0,0,0,148,9,1,1,1
175.0,0,1,0,0,0,2,149,3,1,1,2
139.0,0,1,0,0,0,1,150,18,3,1,1
129.0,0,1,0,0,0,1,150,3,3,1,0
69.0,0,0,0,0,1,0,151,15,7,1,2
134.0,0,0,0,0,0,2,152,2,7,0,0
112.0,0,0,1,0,0,1,153,9,3,1,1
79.0,0,0,0,0,0,0,154,7,7,1,2
99.0,0,1,1,0,0,0,155,15,1,0,2
99.0,0,1,1,0,0,0,155,9,1,0,2
135.0,0,1,0,0,0,2,156,0,0,1,2
155.0,0,1,1,0,0,2,156,0,0,1,2
150.0,0,1,1,0,0,2,156,0,0,1,2
89.0,0,1,1,0,0,2,156,9,0,1,2
155.0,0,0,0,0,0,2,156,0,7,1,1
163.0,0,1,1,0,0,2,156,0,7,1,2
241.0,0,1,0,0,0,2,156,0,7,1,0
135.0,0,0,0,0,0,2,156,9,3,1,2
135.0,0,0,0,0,0,2,156,9,3,1,2
182.0,0,0,0,0,0,2,156,0,7,1,2
104.0,0,1,1,0,0,2,156,3,3,1,2
189.0,0,1,1,0,0,2,156,0,2,1,2
159.0,0,1,1,0,0,2,156,9,3,1,2
159.0,0,0,0,0,0,2,156,0,7,1,1
159.0,0,0,0,0,0,2,156,0,3,1,2
169.0,0,0,0,0,0,2,156,0,3,1,2
159.0,0,0,0,0,0,2,156,0,3,1,2
145.0,0,0,0,0,0,2,156,0,3,1,0
135.0,0,0,0,0,0,2,156,9,3,1,1
124.0,0,0,0,0,0,2,156,9,3,1,1
129.0,0,0,0,0,0,2,156,9,3,1,0
147.0,0,0,0,0,0,2,156,9,3,1,1
149.0,0,0,0,0,0,2,156,9,3,1,1
149.0,0,0,0,0,0,2,156,9,3,1,1
124.0,0,0,0,0,0,2,156,9,3,1,1
129.0,0,0,0,0,0,2,156,9,3,1,0
124.0,0,0,0,0,0,2,156,9,3,1,1
124.0,0,0,0,0,0,2,156,9,3,1,1
129.0,0,0,0,0,0,2,156,9,3,1,1
143.0,0,0,0,0,0,2,156,9,3,1,1
163.0,0,0,0,0,0,2,156,0,3,1,1
149.0,0,0,0,0,0,2,156,9,3,1,1
47.0,0,0,0,0,0,2,156,18,3,1,1
44.0,0,0,0,0,0,2,156,18,3,1,0
139.0,0,0,0,0,0,2,156,9,3,1,0
127.0,0,0,0,0,0,2,156,9,3,1,0
123.0,0,0,0,0,0,2,156,9,3,1,0
139.0,0,0,0,0,0,2,156,3,3,1,2
139.0,0,1,0,0,0,2,156,3,7,1,2
129.0,0,1,1,0,0,2,156,3,7,1,2
101.0,0,0,0,0,0,2,156,3,3,1,2
95.0,0,0,0,0,0,2,156,3,3,1,2
139.0,0,0,0,0,0,2,156,7,3,1,2
119.0,0,0,0,0,0,2,156,7,3,1,2
109.0,0,0,0,0,0,2,156,7,3,1,2
92.0,0,1,0,0,0,2,156,3,3,1,1
87.0,0,1,0,0,0,2,156,3,3,1,1
109.0,0,1,0,0,0,2,156,7,3,1,0
109.0,0,1,0,0,0,2,156,7,3,1,1
89.0,0,1,0,0,0,2,156,7,3,1,0
94.0,0,1,1,0,0,2,156,3,3,1,2
94.0,0,1,1,0,0,2,156,3,3,1,2
143.0,0,1,1,0,0,2,156,7,3,1,2
134.0,0,1,1,0,0,2,156,7,3,1,2
99.0,0,1,1,0,0,2,156,7,3,1,2
124.0,0,1,1,0,0,2,156,7,3,1,2
155.0,0,1,1,0,0,2,156,0,1,1,2
124.0,0,0,0,0,0,2,156,2,3,1,2
89.0,0,1,1,0,0,2,156,9,0,1,2
89.0,0,1,0,0,0,2,156,9,0,1,2
161.0,0,0,0,0,0,2,156,0,7,1,1
155.0,0,0,0,0,0,2,156,9,7,1,1
89.0,0,1,1,0,0,2,156,0,5,1,2
149.0,0,1,1,0,0,2,156,0,0,1,2
80.0,0,0,0,0,0,2,156,18,3,0,0
70.0,0,0,0,0,0,2,156,18,3,0,0
70.0,0,0,0,0,0,2,156,18,3,0,0
67.0,0,0,0,0,0,2,156,18,3,0,0
70.0,0,0,0,0,0,2,156,18,3,0,0
209.0,0,1,0,0,0,2,156,2,3,0,0
299.0,0,0,0,0,0,2,156,3,3,0,1
289.0,0,0,0,0,0,2,156,3,3,0,0
289.0,0,0,0,0,0,2,156,3,3,0,0
309.0,0,0,0,0,0,2,156,3,3,0,0
299.0,0,0,0,0,0,2,156,3,3,0,0
199.0,0,1,1,0,0,2,156,3,1,0,2
199.0,0,1,1,0,0,2,156,3,3,0,2
134.0,0,1,1,0,0,2,156,3,3,0,2
239.0,0,1,1,0,0,2,156,3,1,0,2
219.0,0,1,1,0,0,2,156,3,1,0,2
219.0,0,1,1,0,0,2,156,3,1,0,2
119.0,0,0,0,0,0,2,156,9,3,1,0
139.0,0,0,0,0,0,2,156,0,3,1,2
182.0,0,0,0,0,0,2,156,0,3,1,2
115.0,0,0,0,0,0,2,156,9,3,1,2
99.0,0,0,0,0,0,2,156,9,3,1,0
122.0,0,0,0,0,0,2,156,9,3,1,1
94.0,0,0,0,0,0,2,156,9,3,1,1
154.0,0,0,0,0,0,2,156,9,3,1,2
139.0,0,0,0,0,0,2,156,9,3,1,2
139.0,0,0,0,0,0,2,156,9,3,1,2
115.0,0,0,0,0,0,2,156,9,3,1,2
119.0,0,0,0,0,0,2,156,9,3,1,2
131.0,0,0,0,0,0,2,156,0,3,1,2
109.0,0,0,0,0,0,2,156,0,3,1,2
115.0,0,0,0,0,0,2,156,9,3,1,2
119.0,0,0,0,0,0,2,156,9,3,1,2
139.0,0,0,0,0,0,2,156,0,3,1,0
159.0,0,0,0,0,0,2,156,9,3,1,2
114.0,0,0,0,0,0,2,156,9,3,1,0
143.0,0,0,0,0,0,2,156,9,3,1,1
148.0,0,0,0,0,0,2,156,9,3,1,2
189.0,0,1,1,0,0,2,156,0,1,0,2
149.0,0,0,0,0,0,2,156,0,3,1,0
143.0,0,0,0,0,0,2,156,0,3,1,1
129.0,0,0,0,0,0,2,156,0,3,1,1
129.0,0,0,0,0,0,2,156,0,3,1,0
149.0,0,0,0,0,0,2,156,0,3,1,0
149.0,0,0,0,0,0,2,156,0,3,1,0
159.0,0,1,1,0,0,2,156,9,7,1,2
179.0,0,1,1,0,0,2,156,9,7,0,2
143.0,0,0,0,0,0,2,156,9,7,1,1
126.0,0,0,0,0,0,2,156,9,3,1,1
111.0,0,0,0,0,0,2,156,9,3,1,1
44.0,0,0,0,0,0,2,156,18,3,1,2
59.0,0,0,0,0,0,2,156,18,3,1,2
52.0,0,0,0,0,0,2,156,18,3,1,2
44.0,0,0,0,0,0,2,156,18,3,1,2
143.0,0,0,0,0,0,2,156,0,7,1,2
160.0,0,0,0,0,0,2,156,0,3,1,0
124.0,0,0,0,0,0,2,156,0,3,1,0
109.0,0,0,0,0,0,2,156,9,3,1,0
190.0,0,1,0,0,0,2,156,0,3,1,2
134.0,0,1,0,0,0,2,156,0,3,1,2
175.0,0,1,0,0,0,2,156,0,3,1,2
190.0,0,1,0,0,0,2,156,0,3,1,2
186.0,0,1,0,0,0,2,156,0,3,1,2
180.0,0,1,0,0,0,2,156,0,3,1,2
175.0,0,1,0,0,0,2,156,0,3,1,2
175.0,0,1,0,0,0,2,156,0,3,1,2
180.0,0,1,0,0,0,2,156,0,3,1,2
195.0,0,1,0,0,0,2,156,0,3,1,2
170.0,0,1,0,0,0,2,156,0,3,1,2
149.0,0,1,0,0,0,2,156,9,3,1,2
160.0,0,0,0,0,0,2,156,9,3,1,2
124.0,0,1,0,0,0,2,156,9,3,1,2
175.0,0,1,0,0,0,2,156,9,3,1,2
144.0,0,1,0,0,0,2,156,9,3,1,2
157.0,0,1,0,0,0,2,156,9,3,1,2
130.0,0,1,0,0,0,2,156,9,3,1,2
168.0,0,1,0,0,0,2,156,9,3,1,2
104.0,0,1,0,0,0,2,156,9,3,1,2
124.0,0,1,0,0,0,2,156,9,3,1,2
150.0,0,1,0,0,0,2,156,9,3,1,2
119.0,0,1,0,0,0,2,156,9,3,1,2
129.0,0,1,0,0,0,2,156,9,3,1,2
179.0,0,1,1,0,0,2,156,0,7,1,1
164.0,0,1,1,0,0,2,156,0,7,1,1
170.0,0,1,1,0,0,2,156,0,3,1,1
130.0,0,1,1,0,0,2,156,9,7,1,1
129.0,0,1,1,0,0,2,156,9,3,1,1
135.0,0,1,1,0,0,2,156,9,3,1,1
140.0,0,1,1,0,0,2,156,9,7,1,1
148.0,0,1,0,0,0,2,156,0,3,1,1
193.0,0,1,0,0,0,2,156,0,3,1,1
160.0,0,1,0,0,0,2,156,0,3,1,1
149.0,0,1,0,0,0,2,156,0,3,1,1
158.0,0,1,0,0,0,2,156,0,3,1,1
156.0,0,1,0,0,0,2,156,0,3,1,1
160.0,0,1,0,0,0,2,156,0,3,1,1
134.0,0,1,0,0,0,2,156,9,3,1,1
149.0,0,1,0,0,0,2,156,9,3,1,0
126.0,0,1,0,0,0,2,156,9,3,1,1
143.0,0,1,0,0,0,2,156,9,3,1,1
132.0,0,1,0,0,0,2,156,9,3,1,1
138.0,0,1,0,0,0,2,156,9,3,1,1
147.0,0,1,0,0,0,2,156,9,3,1,1
152.0,0,1,0,0,0,2,156,9,3,1,1
149.0,0,0,0,0,0,2,156,0,3,1,1
173.0,0,0,0,0,0,2,156,0,3,1,0
155.0,0,0,0,0,0,2,156,0,3,1,1
155.0,0,0,0,0,0,2,156,0,3,1,1
160.0,0,0,0,0,0,2,156,0,3,1,1
155.0,0,0,0,0,0,2,156,9,3,1,1
134.0,0,0,0,0,0,2,156,0,3,1,1
124.0,0,0,0,0,0,2,156,9,3,1,1
163.0,0,0,0,0,0,2,156,9,3,1,0
132.0,0,0,0,0,0,2,156,9,3,1,1
132.0,0,0,0,0,0,2,156,9,3,1,1
130.0,0,0,0,0,0,2,156,9,3,1,1
99.0,0,0,0,0,0,2,156,9,3,1,1
140.0,0,0,0,0,0,2,156,9,3,1,1
135.0,0,0,0,0,0,2,156,9,3,1,1
165.0,0,1,1,0,0,2,156,0,3,1,2
185.0,0,1,1,0,0,2,156,0,3,1,2
190.0,0,1,1,0,0,2,156,0,3,1,2
160.0,0,1,1,0,0,2,156,0,3,1,2
210.0,0,1,1,0,0,2,156,0,3,1,2
160.0,0,1,1,0,0,2,156,0,3,1,2
170.0,0,1,1,0,0,2,156,0,3,1,2
170.0,0,1,1,0,0,2,156,0,3,1,2
170.0,0,1,1,0,0,2,156,0,3,1,2
150.0,0,1,1,0,0,2,156,0,3,1,2
140.0,0,1,1,0,0,2,156,9,3,1,2
165.0,0,1,1,0,0,2,156,9,3,1,2
160.0,0,1,1,0,0,2,156,9,3,1,2
140.0,0,1,1,0,0,2,156,9,7,1,2
150.0,0,1,1,0,0,2,156,9,3,1,2
150.0,0,1,1,0,0,2,156,9,3,1,2
130.0,0,1,1,0,0,2,156,9,3,1,2
89.0,0,1,1,0,0,2,156,9,0,1,2
143.0,0,0,0,0,0,2,156,0,7,1,2
79.0,0,1,1,0,1,2,157,3,1,0,2
109.0,0,1,0,0,0,2,157,3,1,0,1
179.0,0,0,0,0,0,2,157,9,1,0,1
135.0,0,1,0,0,0,2,157,17,1,0,1
47.0,0,0,1,0,0,2,157,9,1,1,2
89.0,0,1,1,0,0,1,158,17,1,1,2
120.0,0,1,1,0,0,2,159,2,3,0,1
130.0,0,1,0,0,0,2,159,2,3,0,2
64.0,0,0,0,0,0,2,159,2,3,1,1
64.0,0,0,0,0,0,2,159,3,3,1,1
143.0,0,1,1,0,0,2,159,3,6,1,0
114.0,0,1,0,0,0,2,159,3,3,1,2
104.0,0,1,0,0,0,2,159,2,3,1,1
104.0,0,1,0,0,0,2,159,2,3,1,2
104.0,0,1,0,0,0,2,159,2,3,1,2
219.0,0,1,0,0,0,2,159,0,1,0,1
219.0,0,1,0,0,0,2,159,0,3,0,1
149.0,0,1,0,0,0,2,159,9,3,1,2
199.0,0,1,1,0,0,2,159,9,1,0,1
199.0,0,1,1,0,0,2,159,9,1,0,1
149.0,0,1,0,0,0,2,159,9,3,1,2
164.0,0,1,1,0,0,2,159,9,1,0,1
134.0,0,1,0,0,0,2,159,0,3,1,2
134.0,0,1,0,0,0,2,159,0,3,1,2
124.0,0,1,0,0,0,2,159,9,3,1,1
90.0,0,1,0,0,0,2,159,9,3,1,1
114.0,0,1,0,0,0,2,159,9,3,1,0
90.0,0,1,0,0,0,2,159,9,3,1,0
85.0,0,1,0,0,0,2,159,9,3,1,1
120.0,0,1,0,0,0,2,159,9,3,1,2
120.0,0,1,0,0,0,2,159,9,3,1,2
104.0,0,1,0,0,0,2,159,3,3,1,2
97.0,0,1,0,0,0,2,159,3,3,1,2
104.0,0,1,0,0,0,2,159,3,3,1,2
104.0,0,1,0,0,0,2,159,3,3,1,2
86.0,0,0,1,0,0,2,159,2,3,0,1
118.0,0,0,1,0,0,2,159,2,3,0,1
139.0,0,0,1,0,0,2,159,2,3,0,1
95.0,0,0,1,0,0,2,159,7,3,0,1
109.0,0,0,1,0,0,2,159,7,3,0,1
99.0,0,1,0,0,0,2,159,0,3,1,2
99.0,0,0,1,0,0,2,159,2,3,1,2
129.0,0,0,0,0,0,2,159,7,3,1,2
139.0,0,0,0,0,0,2,159,9,3,0,1
159.0,0,1,0,0,0,2,160,9,3,0,2
159.0,0,1,1,0,0,2,160,9,7,0,2
115.0,0,1,0,0,0,2,160,7,1,0,2
149.0,0,1,1,0,0,2,160,7,1,0,2
129.0,0,1,1,0,0,2,160,7,3,0,2
133.0,0,1,1,0,0,2,160,7,1,0,2
95.0,0,1,0,0,0,2,161,7,3,0,2
79.0,0,0,1,0,0,2,161,7,7,0,1
76.0,0,1,1,0,0,2,161,3,1,0,2
109.0,0,1,1,0,0,2,161,3,3,0,2
79.0,0,1,1,0,0,2,161,9,1,0,2
115.0,0,0,0,0,0,2,161,9,1,0,2
64.0,0,0,1,0,0,2,161,3,1,0,2
99.0,0,0,1,0,0,2,161,5,1,0,1
115.0,0,1,1,0,0,2,161,3,7,0,2
89.0,0,1,1,0,0,2,161,9,1,0,2
54.0,0,1,1,0,0,2,161,18,1,0,2
85.0,0,1,1,0,0,2,161,7,1,0,2
155.0,0,1,1,0,0,2,161,9,3,0,2
69.0,0,1,1,0,1,2,161,3,1,0,1
59.0,0,1,1,0,0,1,162,9,1,0,1
149.0,0,1,1,0,1,1,162,7,1,0,2
129.0,0,1,1,0,0,1,162,15,1,0,2
189.0,0,1,0,0,0,2,163,1,1,0,0
280.0,0,0,0,0,0,2,163,9,1,0,2
62.0,0,0,1,0,0,1,164,7,7,1,1
69.0,0,1,1,0,0,1,164,2,7,1,1
69.0,0,1,1,0,0,1,164,3,7,1,1
69.0,0,1,1,0,0,1,164,3,3,1,1
53.0,0,1,1,0,0,1,164,9,7,1,1
89.0,0,1,1,0,0,1,164,17,7,1,1
104.0,0,1,1,0,0,1,164,7,3,0,2
48.0,0,1,1,0,0,1,164,2,7,1,1
169.0,0,0,0,0,0,2,165,18,7,1,0
180.0,0,1,0,0,0,2,165,18,1,1,0
210.0,0,1,0,0,0,2,165,18,1,0,0
65.0,0,1,0,0,0,2,165,2,1,0,0
269.0,0,1,0,0,0,2,165,14,5,0,0
249.0,0,1,0,0,0,2,165,3,1,0,0
259.0,0,1,0,0,0,2,165,3,1,0,1
269.0,0,0,0,0,0,2,165,18,7,1,2
169.0,0,1,0,0,0,2,165,18,1,1,1
169.0,0,1,0,0,0,2,165,18,1,1,1
149.0,0,0,0,0,0,2,165,18,7,1,0
169.0,0,1,0,0,0,2,165,18,1,1,1
125.0,0,0,0,0,0,2,165,18,7,1,0
115.0,0,1,1,0,0,2,165,3,6,0,1
309.0,0,1,0,0,0,2,165,9,1,0,1
239.0,0,1,0,0,0,2,165,9,1,0,1
99.0,0,1,0,0,0,1,166,0,1,1,2
259.0,0,1,1,0,0,2,167,6,7,1,2
239.0,0,1,1,0,0,2,167,6,7,1,2
199.0,0,1,0,0,0,2,167,18,7,0,1
269.0,0,0,1,0,0,2,167,18,7,0,1
149.0,0,1,1,0,0,2,167,7,7,1,1
35.0,0,1,1,0,0,1,168,2,7,0,1
99.0,0,1,0,0,0,1,168,7,1,0,2
59.0,0,1,0,0,0,1,168,7,7,1,2
69.0,0,0,0,0,0,1,168,7,7,0,2
59.0,0,0,0,0,0,1,168,2,7,1,2
69.0,0,0,0,0,0,1,168,2,7,1,2
79.0,0,1,0,0,0,1,168,2,7,1,2
69.0,0,1,0,0,0,1,168,2,7,1,2
56.0,0,1,1,0,0,1,168,3,1,1,2
52.0,0,1,1,0,0,1,168,3,1,1,2
56.0,0,1,0,0,0,1,168,3,1,1,1
55.0,0,1,0,0,0,1,168,3,1,1,2
85.0,0,1,0,0,0,1,168,7,7,1,2
249.0,0,1,1,0,0,2,169,14,1,1,2
79.0,0,1,0,0,1,0,170,3,1,0,2
89.0,0,1,1,0,0,0,170,3,1,0,2
69.0,0,1,1,0,0,0,170,17,1,1,2
39.0,0,1,1,0,1,2,171,7,1,1,2
159.0,0,1,1,0,0,2,171,3,1,0,2
189.0,0,1,1,0,0,2,171,7,1,0,1
189.0,0,1,1,0,0,2,171,7,1,0,1
39.0,0,0,1,0,0,2,171,0,7,1,1
59.0,0,0,1,0,0,2,171,9,7,1,1
85.0,0,1,1,0,0,2,171,9,5,1,2
69.0,0,1,1,0,1,2,171,18,1,1,2
129.0,0,1,1,0,0,2,171,3,1,0,2
70.0,0,1,1,0,1,2,171,3,1,0,2
88.0,0,1,1,0,1,2,171,3,1,0,2
60.0,0,1,1,0,0,2,171,5,1,0,2
77.0,0,1,1,0,0,2,171,7,1,0,2
77.0,0,1,1,0,0,2,171,7,1,0,2
54.0,0,1,1,0,1,2,171,3,1,0,2
65.0,0,1,1,0,1,2,171,7,1,1,1
76.0,0,1,1,0,1,2,171,7,1,1,2
89.0,0,1,1,0,0,2,171,9,1,1,2
56.0,0,1,1,0,0,2,171,17,1,1,2
69.0,0,1,1,0,0,2,171,3,7,1,2
94.0,0,1,1,0,0,2,171,3,3,1,2
99.0,0,1,1,0,0,2,171,3,7,1,2
69.0,0,1,1,0,0,2,171,7,1,1,2
29.0,0,0,1,0,0,2,171,17,7,1,1
89.0,0,1,1,0,0,2,171,3,7,1,1
55.0,0,1,0,0,0,2,171,3,7,1,2
95.0,0,1,1,0,0,2,171,7,7,1,1
89.0,0,1,1,0,0,2,171,18,7,1,1
59.0,0,1,0,0,0,2,171,7,7,1,2
105.0,0,1,1,0,0,2,171,7,7,1,2
119.0,0,1,1,0,0,2,171,17,1,1,0
70.0,0,1,1,0,0,2,171,7,1,0,2
109.0,0,1,1,0,1,2,171,7,5,1,2
119.0,0,1,1,0,0,2,171,7,7,1,2
89.0,0,1,1,0,0,2,171,5,1,1,2
52.0,0,1,1,0,0,2,171,7,1,1,1
79.0,0,1,1,0,0,2,171,7,1,1,2
45.0,0,1,1,0,1,2,171,3,7,0,2
65.0,0,1,1,0,1,2,171,9,7,0,2
109.0,0,1,1,0,0,2,171,0,7,1,2
49.0,0,1,1,0,1,2,171,18,1,1,2
25.0,0,1,1,0,0,2,171,18,7,1,2
49.0,0,1,1,0,0,2,171,18,3,1,2
63.0,0,0,1,0,0,2,171,7,7,1,0
85.0,0,1,1,0,0,2,171,7,1,1,2
86.0,0,1,1,0,0,2,171,7,7,1,2
105.0,0,1,1,0,0,2,171,7,7,1,2
105.0,0,1,1,0,0,2,171,7,7,1,2
49.0,0,1,1,0,0,2,171,7,1,1,2
42.0,0,1,1,0,0,2,171,7,1,1,2
79.0,0,1,1,0,0,2,171,7,1,1,2
58.0,0,1,1,0,0,2,171,17,1,1,2
299.0,0,1,0,0,0,2,172,2,1,0,0
35.0,0,0,1,0,1,0,173,17,7,1,1
55.0,0,1,1,0,1,1,174,18,7,1,2
58.0,0,1,1,0,1,1,174,3,1,1,2
142.0,0,1,1,0,0,1,174,3,1,0,2
165.0,0,1,0,0,0,2,175,18,7,1,0
59.0,0,0,1,0,0,2,176,18,7,1,0
169.0,0,1,1,0,0,2,176,18,1,0,1
59.0,0,1,0,0,0,1,177,7,7,0,2
105.0,0,1,1,0,0,1,177,7,7,0,2
89.0,0,1,1,0,1,1,177,7,1,0,2
168.0,0,0,0,0,0,2,178,9,7,1,2
274.0,0,1,0,0,0,2,179,9,1,0,0
139.0,0,1,1,0,0,2,180,1,5,0,0
